חותמת זמן,שם השיעור,כותרת השיעור,הערות,דפי מקורות,,,,,,,,,,,,,
,,צילום,,,הפצה,,,,,,,,,,,,
,שם השיעור,כותרת השיעור,הערות,דפי מקורות,יוטיוב,,,פייסבוק,,ספוטיפיי,,קבוצות ואטסאפ,,אתר,,קישורים לדפי מקורות,"להצטרפות לקבוצת ווטסאפ שקטה של תורת ישיבת מעלות
https://chat.whatsapp.com/JpRgbvP5uBlGvJYaaFohnO

ישיבת מעלות בספוטיפיי  https://did.li/4rjZH
ישיבת מעלות באפליקציית כולל (לבעלי מכשירים עם סינון) https://www.kolel.org/channel/yeshivat-malot
ישיבת מעלות בפייסבוק  https://did.li/PRU5q
לאתר ישיבת מעלות  https://yesmalot.co.il/"
,,,,,כותרת,ערוך,הופץ,כותרת,הופץ,כותרת,הופץ,כותרת,הופץ,כותרת,הופץ,,
,,,,,,FALSE,FALSE,"שיעור חדש- מוזמנים לצפות 
שאלות, הצעות, בקשות? כתבו לנו",FALSE,,FALSE,,FALSE,,FALSE,,
16/08/2026 10:06:04,שיעור עיון בזוהר - פרשת יתרו | הרב יהושע ויצמן,דף פא עמוד ב #1 - התגלות קול ה' בטבע,"אָמַר רַבִּי אֶלְעָזָר, וְכָל הָעָם רֹאִים. רֹאִים: כְּמָה דַּאֲמֵינָא, דְּחָמוּ מִנְּהִירוּ דְּאִינּוּן קַלָן, מַה דְּלָא חָמוּ דָּרִין בַּתְרָאִין אַחֲרָנִין. אֶת הַקּוֹלֹת: כְּמָה דְאַתְּ אָמֵר, (ישעיה ו) וָאֵרֶא אֶת יְיָ'. וָאֵרֶא יְיָ', לָא כְּתִיב, אֶלָּא אֶת יְיָ'. אוּף הָכָא, וְכָל הָעָם רֹאִים הַקּוֹלת לֹא נֶאֱמַר, אֶלָּא אֶת הַקּוֹלֹת.
כְּגַוְונָא דָּא, אֵת הַשָּׁמַיִם וְאֵת הָאָרֶץ, דְּהָא אָתִין דִּבְאוֹרַיְיתָא, לְאִסְתַּכְּלָא בְּאוֹרַיְיתָא (נ''א בחכמתא) אִתְיְיהִיבוּ. (שמות כ) כַּבֵּד אֶת אָבִיךָ וְאֶת אִמֶּךָ (משלי ג) כַּבֵּד אֶת יְיָ' מֵהוֹנֶךָ. וְכֻלְּהוּ לְאִתְכְּלָלָא בְּהוּ מִלָּה אַחֲרָא. אוּף הָכָא, אֶת הַקּוֹלֹת, לְאַסְגָּאָה הַהוּא קָלָא אַחֲרָא לְתַתָּא, דְּכָנִישׁ לוֹן לְגַבֵּיהּ, מַה דְּנָפִיק מִנַּיְיהוּ, דְּבֵיהּ חָמָאן וּמִסְתַּכְּלָן בְּחָכְמְתָא עִלָּאָה כָּל גִּנְזִין עִלָּאִין, וְכָל רָזִין טְמִירִין וּסְתִימִין, מַה דְּלָא אִתְגַּלְּיָיא לְדָרִין בַּתְרָאִין, דְּאָתוּ בַּתְרֵיהוֹן, וְלָא לְדָרִין דְּיֵיתוּן לְעָלְמִין, עַד זִמְנָא דְּיֵיתֵי מַלְכָּא מְשִׁיחָא. דִּכְתִּיב, (ישעיה נב) כִּי עַיִן בְּעַיִן יֵרָאוּ בְּשׁוּב יְיָ' צִיּוֹן.",,דף פא עמוד ב #1 - התגלות קול ה' בטבע | שיעור עיון בזוהר - פרשת יתרו | הרב יהושע ויצמן,TRUE,TRUE,"דף פא עמוד ב #1 - התגלות קול ה' בטבע | שיעור עיון בזוהר - פרשת יתרו | הרב יהושע ויצמן
שיעור חדש- מוזמנים לצפות 
שאלות, הצעות, בקשות? כתבו לנו",FALSE,פרשת יתרו - דף פא עמוד ב #1 - התגלות קול ה' בטבע,TRUE,*דף פא עמוד ב #1 - התגלות קול ה' בטבע* שיעור עיון בזוהר - פרשת יתרו | הרב יהושע ויצמן,FALSE,דף פא עמוד ב #1 - התגלות קול ה' בטבע,TRUE,,
16/08/2026 10:30:37,שיעור עיון בזוהר - פרשת יתרו | הרב יהושע ויצמן,דף פא עמוד ב #2 - בחינות השופר ,"וְאֶת הַלַּפִּידִים, בְּקַדְמִיתָא בְּרָקִים, וְהַשְׁתָּא לַפִּידִים. כֹּלָּא חַד. אֲבָל מִדְּאִתְתְּקָנוּ בְּתִקּוּנוֹי לְאִתְחֲזָאָה, אִתְקְרוּן הָכִי.
וְאֵת קוֹל הַשׁוֹפָר. תָּאנֵי רַבִּי יִצְחָק, כְּתִיב (תהלים סב) אַחַת דִּבֶּר אֱלהִים שְׁתַּיִם זוּ שָׁמַעְתִּי, כְּמָה דְאַתְּ אָמֵר, אָנֹכִי, וְלא יִהְיֶה לְךָ.
אָמַר רִבִּי יְהוּדָה, קֹל בַּשֹׁפָר מִבָּעֵי לֵיהּ. הַשֹׁפָר לָמָּה. אֶלָּא, הַהוּא קוֹל דְּאִקְרֵי שׁוֹפָר. דִּכְתִּיב, (ויקרא כה) וְהַעֲבַרְתָּ שׁוֹפָר תְרוּעָה בַּחֹדֶשׁ הַשְּׁבִיעִי בֶּעָשׂוֹר לַחֹדֶשׁ בְּיוֹם הַכִּפּוּרִים, בְּדָא אִתְבְּרֵי (אתקרי) שׁוֹפָר.
אָמַר רִבִּי יוֹסֵי, מַה שׁוֹפָר, אַפִּיק קָלָא, אֶשָּׁא וְרוּחָא וּמַיָּא, אוּף הָכָא, כֹּלָּא אִתְכְּלִיל בְּהַאי, וּמִדָּא נָפְקִין קָלִין אַחֲרָנִין.
אָמַר רִבִּי אֶלְעָזָר, קוֹל דְּנָפִיק מִשּׁוֹפָר, דְּמַשְׁמַע דְּשׁוֹפָר חַד, וְקוֹל נָפִיק מִנֵּיהּ, וְשּׁוֹפָר בְּקִיוּמֵיהּ שְׁכִיחַ, וּבְגִינֵי כָּךְ כְּתִיב, קוֹל הַשֹׁפָר.
רַבִּי יְהוּדָה אָמַר הָכִי, קוֹל הַשֹׁפָר, הַשֹׁפָר כְּתִיב חָסֵר, כְּמָה דְאַתְּ אָמֵר, (דניאל ו) שְׁפַר קֹדֶם דָּרְיָוֶשׁ. (דניאל ד) מִלְכִּי יִשְׁפַּר עֲלָךְ. (דניאל ג) שְׁפַר קֳדָמַי לְהַחֲוָיָא.",,דף פא עמוד ב #2 - בחינות השופר  | שיעור עיון בזוהר - פרשת יתרו | הרב יהושע ויצמן,TRUE,TRUE,"דף פא עמוד ב #2 - בחינות השופר  | שיעור עיון בזוהר - פרשת יתרו | הרב יהושע ויצמן
שיעור חדש- מוזמנים לצפות 
שאלות, הצעות, בקשות? כתבו לנו",FALSE,פרשת יתרו - דף פא עמוד ב #2 - בחינות השופר ,TRUE,*דף פא עמוד ב #2 - בחינות השופר * שיעור עיון בזוהר - פרשת יתרו | הרב יהושע ויצמן,FALSE,דף פא עמוד ב #2 - בחינות השופר ,TRUE,,
16/08/2026 11:30:31,שיעור עיון בזוהר - פרשת יתרו | הרב יהושע ויצמן,דף פא עמוד ב #3 - אתרא דקלא נפיק מיניה,"רַבִּי שִׁמְעוֹן אָמַר, קוֹל הַשֹׁפָר, אַתְרָא דְּקָלָא נָפִיק מִנֵּיהּ, אִקְרֵי שׁוֹפָר. תּוּ אָמַר רַבִּי שִׁמְעוֹן, תָּא חֲזֵי, קוֹל הַשׁוֹפָר: אַתְרָא דְּקָלָא, הַיְינוּ דִּכְתִּיב, (דברים ח) כִּי עַל כָּל מוֹצָא פִּי יְיָ' יִחְיֶה הָאָדָם. מַאי מוֹצָא פִּי יְיָ'. דָּא קוֹל (ס''א דנפיק משופר והאי קול) הַשׁוֹפָר, הוּא רַב מִכָּל שְׁאַר קַלֵי תַּתָּאֵי, וְתַקִּיפָא מִכֻּלְּהוּ, דִּכְתִּיב וְקוֹל שֹׁפָר חָזָק מְאֹד, וְעַל כָּל שְׁאַר קָלִין לָא אִתְּמַר חָזָק מְאֹד. (נ''א אמר רבי שמעון) בְּהַאי קוֹל הַשׁוֹפָר תַּלְיָא כֹּלָּא, וְדָא הוּא דְּאִקְרֵי קוֹל גָּדוֹל, דִּכְתִּיב קוֹל גָּדוֹל וְלא יָסָף. וְאִקְרֵי (מלכים א יט) קוֹל דְּמָמָה דַקָּה, נְהִירוּ דְּבוּצִינֵי, דְּהוּא זַךְ וְדָקִיק, וְזָכִיך וְנָהִיר לְכֹלָּא.
דְּמָמָה, מַהוּ דְּמָמָה. אָמַר רַבִּי שִׁמְעוֹן, דְּבָעֵי בַּר נָשׁ לְמִשְׁתּוֹקָא מִנֵּיהּ, וּלְמֶחֱסָם פּוּמֵיהּ. כְּמָה דְאַתְּ אָמֵר, (תהלים לט) אָמַרְתִּי אֶשְׁמְרָה דְּרָכַי מֵחֲטוֹא בִלְשׁוֹנִי אֶשְׁמְרָה לְפִי מַחְסוֹם. דְּמָמָה אִיהִי שְׁתּוּקָא דְּלָא אִשְׁתְּמַע לְבַר.",,דף פא עמוד ב #3 - אתרא דקלא נפיק מיניה | שיעור עיון בזוהר - פרשת יתרו | הרב יהושע ויצמן,TRUE,TRUE,"דף פא עמוד ב #3 - אתרא דקלא נפיק מיניה | שיעור עיון בזוהר - פרשת יתרו | הרב יהושע ויצמן
שיעור חדש- מוזמנים לצפות 
שאלות, הצעות, בקשות? כתבו לנו",FALSE,פרשת יתרו - דף פא עמוד ב #3 - אתרא דקלא נפיק מיניה,TRUE,*דף פא עמוד ב #3 - אתרא דקלא נפיק מיניה* שיעור עיון בזוהר - פרשת יתרו | הרב יהושע ויצמן,FALSE,דף פא עמוד ב #3 - אתרא דקלא נפיק מיניה,TRUE,,
16/08/2026 19:46:09,שם משמואל | הרב מרדכי פרומר,כי תצא - אחדות וניצחון ,,יוטיוב+אתר,כי תצא - אחדות וניצחון  | שם משמואל | הרב מרדכי פרומר,TRUE,TRUE,"כי תצא - אחדות וניצחון  | שם משמואל | הרב מרדכי פרומר
שיעור חדש- מוזמנים לצפות 
שאלות, הצעות, בקשות? כתבו לנו",FALSE,כי תצא - אחדות וניצחון ,FALSE,*כי תצא - אחדות וניצחון * שם משמואל | הרב מרדכי פרומר,FALSE,כי תצא - אחדות וניצחון ,TRUE,,
16/08/2026 22:30:55,שיחות בנושאים שונים | הרב יהושע ויצמן,מתוך יום עיון ג' אלול,,יוטיוב+אתר,מתוך יום עיון ג' אלול | שיחות בנושאים שונים | הרב יהושע ויצמן,TRUE,TRUE,"מתוך יום עיון ג' אלול | שיחות בנושאים שונים | הרב יהושע ויצמן
שיעור חדש- מוזמנים לצפות 
שאלות, הצעות, בקשות? כתבו לנו",FALSE,מתוך יום עיון ג' אלול,FALSE,*מתוך יום עיון ג' אלול* שיחות בנושאים שונים | הרב יהושע ויצמן,FALSE,מתוך יום עיון ג' אלול,TRUE,,
17/08/2026 09:43:25,עִתִּים לַתּוֹרָה - גאולה בפרשה | הרב מאור כהן,פרשת כי תצא - לטהרתו של הלב הישראלי,,יוטיוב+ספוטיפיי+אתר,פרשת כי תצא - לטהרתו של הלב הישראלי | עִתִּים לַתּוֹרָה - גאולה בפרשה | הרב מאור כהן,TRUE,TRUE,"פרשת כי תצא - לטהרתו של הלב הישראלי | עִתִּים לַתּוֹרָה - גאולה בפרשה | הרב מאור כהן
שיעור חדש- מוזמנים לצפות 
שאלות, הצעות, בקשות? כתבו לנו",FALSE,גאולה בפרשה | הרב מאור כהן - פרשת כי תצא - לטהרתו של הלב הישראלי,TRUE,*פרשת כי תצא - לטהרתו של הלב הישראלי* עִתִּים לַתּוֹרָה - גאולה בפרשה | הרב מאור כהן,FALSE,פרשת כי תצא - לטהרתו של הלב הישראלי,TRUE,,
17/08/2026 10:30:03,עִתִּים לַתּוֹרָה - הלכות שבת ומועד | הרב מיכאל אזרד,"שי""ט הלכות בורר",,יוטיוב+ספוטיפיי+אתר,"שי""ט הלכות בורר | עִתִּים לַתּוֹרָה - הלכות שבת ומועד | הרב מיכאל אזרד",TRUE,TRUE,"שי""ט הלכות בורר | עִתִּים לַתּוֹרָה - הלכות שבת ומועד | הרב מיכאל אזרד
שיעור חדש- מוזמנים לצפות 
שאלות, הצעות, בקשות? כתבו לנו",FALSE,"הלכות שבת ומועד | הרב מיכאל אזרד - שי""ט הלכות בורר",TRUE,"*שי""ט הלכות בורר* עִתִּים לַתּוֹרָה - הלכות שבת ומועד | הרב מיכאל אזרד",FALSE,"שי""ט הלכות בורר",TRUE,,
17/08/2026 12:33:08,העמוד היומי בזוהר - פרשת פקודי | שיעור קצר,דף רמח עמוד א,"וּבְגִין כָּךְ, אִית מָשָׁל בְּמִלַּיְיהוּ, דְּלָא צַחְצְחָא נְבוּאַתְהוֹן כְּדְקָא יֵאוֹת, כְּמָה דְּהֲוָה בֵּיהּ בְּמֹשֶׁה, דְּהֲוָה צִחְצוּחָא בִּנְבוּאָתֵיהּ בְּכֹלָּא. בְּגִין דִּנְהִירוּ נָפִיק מֵעֵילָּא, מֵאֲתָר דְּכָל נְהוֹרִין נָפְקִין מִנֵּיהּ, וּמָטָא לְדַרְגֵּיהּ, וּמִתַּמָּן יָנִיק נְבוּאָתֵיהּ, וְנָהִיר, מַה דְּלָא הֲוָה כְּדֵין לְכֹלָּא, לְכָל שְׁאַר נְבִיאִין. אִינּוּן מָארֵיהוֹן דְּחֶלְמָא, מָארֵיהוֹן דְּמַרְאֶה, כֻּלְּהוּ יַנְקֵי מֵאֲתָר דָּא לְתַתָּא, בְּלָא חִבּוּרָא דִּלְעֵילָּא, עַל יְדָא דְּדַרְגָא אַחֲרָא תַּתָּאָה מִינֵּיהּ דְּאִיהוּ לְבַר. כְּמָה דְּדַרְגָא דִּנְבִיאִים דִּלְעֵילָּא, לָא הֲווֹ חָמָאן לֵיהּ נְבִיאִים, בַּר עַל יְדָא דְּדַרְגָא אַחֲרָא תַּתָּאָה. הָכִי נָמֵי אִלֵּין, דַּרְגָּא דִּיְנִיקוּ דִּילְהוֹן אִיהוּ לְעֵילָּא, בְּהַאי דַּרְגָּא תַּתָּאָה, אֲבָל לָא אִתְגַּלְיָא לוֹן, אֶלָּא עַל יְדָא דְּדַרְגָא אַחֲרָא לְבַר, דְּאִיהוּ תַּתָּאָה מִנֵּיהּ, בְּגִין דְּנָפְקָא מֵהַאי הֵיכָלָא, וּמָטָא מִלָּה עַד הַהוּא מְמָנָא דְּקַיְּימָא עַל תַּרְעָא דְּהֵיכָלָא דָּא, וּמִתַּמָּן לְהַהוּא מְמָנָא דִּתְחוֹת יְדֵיהּ, וְכֵן עַד (ס''א כלהו) דְּכַמָּה אִינּוּן דְּנַטְלֵי הַהִיא מִלָּה, וְאִתְעָרְבוּ בַּהֲדָהּ. וְעַל דָּא כַּד מָטָא לְגַבֵּיהּ דְּבַר נָשׁ, כַּמָה אִינּוּן דְּאִתְעַרְבֵי בַּהֲדָהּ, וְעַל דָּא לָא צַחְצְחָא מִלָּה כַּדְקָא יֵאוֹת. כַּד מִתְחַבְּרִין אִלֵּין אַרְבַּע גַּלְגַּלִּין, בְּאַרְבַּע אִינּוּן דִּי בְּאֶמְצָעִיתָא, כְּדֵין כֻּלְּהוּ אִקְרוּן חֲמוּדוֹת. וְאִינּוּן מָארִיהוֹן, דְּמַרְאֶה. וּבְגִין כָּךְ, הַאי חֵיוָתָא דְּקַאמְרָן, שַׁלְטָא עָלַיְיהוּ. וּבְגִין כָּךְ, אִקְרֵי דָּנִיאֵל, אִישׁ חֲמוּדוֹת. דִּכְתִּיב, (דניאל ט) כִּי חֲמוּדוֹת אָתָּה. וְכֹלָּא רָזָא כְּדְקָא יֵאוֹת. זַכָּאִין אִינּוּן דְּיַדְעִין רָזֵי דְּמָארֵיהוֹן, לְמֵיהַךְ בְּאֹרַח קְשׁוֹט, בְּעָלְמָא דֵּין וּבְעָלְמָא דְּאָתֵי. היכל נוגה נצּ''ח הֵיכָלָא תְּלִיתָאָה. הֵיכָלָא דָּא, הֵיכָלָא דְּקַיְּימָא בִּנְהִירוּ עִלָּאָה, יַתִיר עַל כָּל אִלֵּין קַדְמָאֵי. בְּהֵיכָלָא דָּא קַיְימִין אַרְבַּע פִּתְחִין, חַד לִסְטַר דָּרוֹם, וְחַד לִסְטַר מִזְרָח, וְחַד לִסְטַר צָפוֹן, וְחַד לִסְטַר מַעֲרָב. בְּכָל פִּתְחָא וּפִתְחָא אִית מְמָנָא חֲדָא, דְּקַיְּימָא מְמָנָא עַל כָּל פִּתְחָא וּפִתְחָא. פִּתְחָא קַדְמָאָה, דָּא פִּתְחָא דְּקַיְּימָא בֵּיהּ חַד מְמָנָא, מַלְכִּיאֵ''ל שְׁמֵיהּ. וְאִיהוּ שַׁלִּיטָא עַל כָּל אִינּוּן פִּתְקִין, דְּנַפְקֵי מִבֵּי דִּינָא דְּמַלְכָּא, לְאִתְדְּנָא עָלְמָא. (בההוא פתקא) בְּגִין דְּהַאי אִיהוּ מְמָנָא לְאַשְׁגָחָא בְּהוּ בְּאִינּוּן פִּתְקִין, וּתְרֵין סוֹפְרִין תְּחוֹת יְדֵיהּ, חַד מִימִינָא וְחַד מִשְּׂמָאלָא. לְהַאי, אִתְיְיהִיבוּ תִּקּוּנֵי פִּתְקִין לְאַתְקְנָא, עַד לָא יִפְקוּן מֵהַאי תַּרְעָא לְבַר, וְיִתְמְסָרוּ בִּידָא דְּהַהוּא מְמָנָא, דִּי בְּהֵיכָלָא קַדְמָאָה. דְּהָא מִזִּמְנָא דְּאִתְמְסָרוּ בִּידָא דְּהַהוּא מְמָנָא דִּבְהֵיכָלָא קַדְמָאָה, הָא נַפְקֵי מִתַמָּן, וְלֵית רְשׁוּ לְאָתָבָא לוֹן. דְּהָא מִיַּד אִזְדָמַן מְמָנָא דְּסִטְרָא אַחֲרָא מְסַאֲבָא, מָארֵיהּ דְּדִינָא קַשְׁיָא תַּקִּיפָא, דְּלָא מְרַחֵם, וְסַנְגַדִיאֵ''ל (ס''א וסהדיאל) שְׁמֵיהּ, וְאִיהוּ מְמָנָא עַל תַּרְעָא דְּהֵיכָלָא קַדְמָאָה (ס''א גריס אחרא, ולא גריס קדמאה) דִּי בְּסִטְרָא אַחֲרָא, דְּאִיהוּ גֵּיהִנָּם, וְכַמָּה אִינּוּן גַּרְדִּינִי נִימוּסִין מְמָנָן לְשַׁטְיָא בְּעָלְמָא, וּזְמִינִין לְמֶעְבַּד דִּינָא. וּבְגִין כַּךְ, קַיְּימָא הַהוּא מְמָנָא לְעַיְינָא בְּפִתְקִין, וְאִינּוּן תְּרֵין סוֹפְרִין דְּקַיְימֵי תְּחוֹת מְמָנָא דָּא, שַׁמָּשִׁיאֵ''ל וְקָמוּאֵ''ל, אִלֵּין סוֹפְרִין לְאַתְקְנָא פִּתְקִין, וְהַהוּא מְמָנָא עָלַיְיהוּ דְּאִיהוּ מַלְכִּיאֵ''ל. בְּגִין דִּבְאִינּוּן הֵיכָלִין דִּי בִּסְטַר אַחֲרָא מְסַאֲבָא, אִתְפְּקִידוּ מְמָנָן יְדִיעָאן, בְּהִפּוּכָא מֵאִלֵּין מְמָנָן דִּי בְּהֵיכָלִין אִלֵּין, וְכָל אִינּוּן רוּחִין וְכָל אִינּוּן מְמָנָן, דְּתַמָּן, כֻּלְּהוּ לְאַבְאָשָׁא.  דף רמ''ח ע''ב תָּא חֲזֵי, הַאי סַנְגַדִיאֵ''ל (ס''א סהדיאל) כַּד נָטִיל פִּתְקָא, מִסִּטְרָא דְּהַהוּא מְמָנָא דְּקַיְּימָא לְפִתְחָא קַדְמָאָה, פָּתַח חַד פִּתְחָא, לְסִטְרָא דַּחֲשׁוֹכָא, דְּאִקְרֵי בְּאֵר שַׁחַת, וְתַמָּן מְמָנָן אֶלֶף וְרִבְבָן זְמִינִין לְנַטְלָא אִינּוּן פִּתְקִין, וְהַאי מְמָנָא עָלַיְיהוּ. וּכְדֵין כָרוֹזִין נָפְקִין, וְכַמָּה גַּרְדִּינֵי שַׁטְיָין (דף רמ''ח ע''ב) בְּעָלְמָא, וְהַהוּא דִּינָא אִשְׁתְּלִים, וְעַל דָּא, מְמָנָא דָּא קַיְּימָא לְעַיְינָא בְּפִתְקִין, וּלְאַתְקְנָא נִימוּסֵי פִּתְקִין, עַד לָא נַפְקוּ מֵהַאי פִּתְחָא, וְהַאי פִּתְחָא אִיהוּ פִּתְחָא דְּדָרוֹם.",יוטיוב + אתר,דף רמח עמוד א | העמוד היומי בזוהר - פרשת פקודי | שיעור קצר,TRUE,TRUE,"דף רמח עמוד א | העמוד היומי בזוהר - פרשת פקודי | שיעור קצר
שיעור חדש- מוזמנים לצפות 
שאלות, הצעות, בקשות? כתבו לנו",FALSE,פרשת פקודי - דף רמח עמוד א,TRUE,*דף רמח עמוד א* העמוד היומי בזוהר - פרשת פקודי | שיעור קצר,FALSE,דף רמח עמוד א,TRUE,,
17/08/2026 17:42:38,שיעור עיון בזוהר - פרשת יתרו | הרב יהושע ויצמן,דף פא עמוד ב #4 - מראה יחזקאל בקדושה או בקליפות,"וַיַּרְא הָעָם וַיָּנֻעוּ וַיַּעַמְדוּ מֵרָחֹק, דְּחָמוּ מַה דְּחָמוּ. וַיָּנוּעוּ כְּמָה דְאַתְּ אָמֵר (ישעיה ו) וַיָּנוּעוּ אַמּוֹת הַסִּפִּים מִקּוֹל הַקּוֹרֵא.
תָּאנָא, מַה כְּתִיב בֵּיהּ בִּיחֶזְקֵאל, כַּד חָמָא גְּבוּרָן נִימוּסֵי קוּדְשָׁא בְּרִיךְ הוּא, דִּכְתִּיב, (יחזקאל א) וָאֵרֶא וְהִנֵּה רוּחַ סְעָרָה בָּאָה וְגוֹ', רוּחַ סְעָרָה אֲמַאי. אָמַר רִבִּי יוֹסֵי, לְתַבְרָא אַרְבַּע מַלְכְּוַון. אָמַר רִבִּי יְהוּדָה, תַּנִּינָא, רוּחָא רַבָּה, דְּאִתְּעַר בְּנִימוּסֵי גְּבוּרָה דִּלְעֵילָּא בָּאָה מִן הַצָּפוֹן. מִצָּפוֹן לָא כְּתִיב אֶלָּא מִן הַצָּפוֹן הַהוּא דְּאִשְׁתְּמוֹדָע לְעֵילָּא, הַהוּא דְּטָמִיר וְגָנִיז לְעֵילָּא.",https://drive.google.com/file/d/1tcHzSqVN2Q1lUlhuQyxMP610t39t2IVj/previeww,דף פא עמוד ב #4 - מראה יחזקאל בקדושה או בקליפות | שיעור עיון בזוהר - פרשת יתרו | הרב יהושע ויצמן,TRUE,TRUE,"דף פא עמוד ב #4 - מראה יחזקאל בקדושה או בקליפות | שיעור עיון בזוהר - פרשת יתרו | הרב יהושע ויצמן
שיעור חדש- מוזמנים לצפות 
שאלות, הצעות, בקשות? כתבו לנו",FALSE,פרשת יתרו - דף פא עמוד ב #4 - מראה יחזקאל בקדושה או בקליפות,TRUE,*דף פא עמוד ב #4 - מראה יחזקאל בקדושה או בקליפות* שיעור עיון בזוהר - פרשת יתרו | הרב יהושע ויצמן,FALSE,דף פא עמוד ב #4 - מראה יחזקאל בקדושה או בקליפות,TRUE,,
17/08/2026 18:21:09,שיעורים קצרים לדרך - עצות טובות לחיים טובים | הרב מאיר בזק,"אין פה מפלצת, יש פה רק מאבק",,,"אין פה מפלצת, יש פה רק מאבק | שיעורים קצרים לדרך - עצות טובות לחיים טובים | הרב מאיר בזק",TRUE,TRUE,"אין פה מפלצת, יש פה רק מאבק | שיעורים קצרים לדרך - עצות טובות לחיים טובים | הרב מאיר בזק
שיעור חדש- מוזמנים לצפות 
שאלות, הצעות, בקשות? כתבו לנו",TRUE,"אין פה מפלצת, יש פה רק מאבק",TRUE,"*אין פה מפלצת, יש פה רק מאבק* שיעורים קצרים לדרך - עצות טובות לחיים טובים | הרב מאיר בזק",TRUE,"אין פה מפלצת, יש פה רק מאבק",TRUE,,
17/08/2026 18:46:23,העמוד היומי בזוהר - פרשת פקודי | שיעור קצר,דף רמח עמוד ב,"רמח ע""ב: ""פתחא תניינא"" - עד: ""דאיהו מלאך המות""",,דף רמח עמוד ב | העמוד היומי בזוהר - פרשת פקודי | שיעור קצר,TRUE,TRUE,"דף רמח עמוד ב | העמוד היומי בזוהר - פרשת פקודי | שיעור קצר
שיעור חדש- מוזמנים לצפות 
שאלות, הצעות, בקשות? כתבו לנו",FALSE,פרשת פקודי - דף רמח עמוד ב,TRUE,*דף רמח עמוד ב* העמוד היומי בזוהר - פרשת פקודי | שיעור קצר,FALSE,דף רמח עמוד ב,TRUE,,
18/08/2026 13:36:34,העמוד היומי בזוהר - פרשת פקודי | שיעור קצר,דף רמט עמוד א,"סוף רמח ע""ב: ""בגין דהא מעשרין"" - עד רמט ע""א: ""גו היכלא רביעאה""",,דף רמט עמוד א | העמוד היומי בזוהר - פרשת פקודי | שיעור קצר,TRUE,TRUE,"דף רמט עמוד א | העמוד היומי בזוהר - פרשת פקודי | שיעור קצר
שיעור חדש- מוזמנים לצפות 
שאלות, הצעות, בקשות? כתבו לנו",FALSE,פרשת פקודי - דף רמט עמוד א,TRUE,*דף רמט עמוד א* העמוד היומי בזוהר - פרשת פקודי | שיעור קצר,FALSE,דף רמט עמוד א,TRUE,,
18/08/2026 14:50:59,"תנ""ך - ספר תהלים | הרב אלעזר אהרנסון",מזמור א,תהלים פרק א (א) אַ֥שְֽׁרֵי־הָאִ֗ישׁ אֲשֶׁ֤ר׀ לֹ֥א הָלַךְ֘ בַּעֲצַ֪ת רְשָׁ֫עִ֥ים וּבְדֶ֣רֶךְ חַ֭טָּאִים לֹ֥א עָמָ֑ד וּבְמוֹשַׁ֥ב לֵ֝צִ֗ים לֹ֣א יָשָֽׁב: (ב) כִּ֤י אִ֥ם בְּתוֹרַ֥ת יְקֹוָ֗ק חֶ֫פְצ֥וֹ וּֽבְתוֹרָת֥וֹ יֶהְגֶּ֗ה יוֹמָ֥ם וָלָֽיְלָה: (ג) וְֽהָיָ֗ה כְּעֵץ֘ שָׁת֪וּל עַֽל־פַּלְגֵ֫י מָ֥יִם אֲשֶׁ֤ר פִּרְי֨וֹ׀ יִתֵּ֬ן בְּעִתּ֗וֹ וְעָלֵ֥הוּ לֹֽא־יִבּ֑וֹל וְכֹ֖ל אֲשֶׁר־יַעֲשֶׂ֣ה יַצְלִֽיחַ: (ד) לֹא־כֵ֥ן הָרְשָׁעִ֑ים כִּ֥י אִם־כַּ֝מֹּ֗ץ אֲֽשֶׁר־תִּדְּפֶ֥נּוּ רֽוּחַ: (ה) עַל־כֵּ֤ן׀ לֹא־יָקֻ֣מוּ רְ֭שָׁעִים בַּמִּשְׁפָּ֑ט וְ֝חַטָּאִ֗ים בַּעֲדַ֥ת צַדִּיקִֽים: (ו) כִּֽי־יוֹדֵ֣עַ יְ֭קֹוָק דֶּ֣רֶךְ צַדִּיקִ֑ים וְדֶ֖רֶךְ רְשָׁעִ֣ים תֹּאבֵֽד: ,,"מזמור א | תנ""ך - ספר תהלים | הרב אלעזר אהרנסון",TRUE,TRUE,"מזמור א | תנ""ך - ספר תהלים | הרב אלעזר אהרנסון
שיעור חדש- מוזמנים לצפות 
שאלות, הצעות, בקשות? כתבו לנו",FALSE,מזמור א,TRUE,"*מזמור א* תנ""ך - ספר תהלים | הרב אלעזר אהרנסון",FALSE,מזמור א,TRUE,,
19/08/2026 10:07:16,עִתִּים לַתּוֹרָה - אגדתות | הרב שי הוד,כיצד מתפייסים,,,כיצד מתפייסים | עִתִּים לַתּוֹרָה - אגדתות | הרב שי הוד,TRUE,TRUE,"כיצד מתפייסים | עִתִּים לַתּוֹרָה - אגדתות | הרב שי הוד
שיעור חדש- מוזמנים לצפות 
שאלות, הצעות, בקשות? כתבו לנו",FALSE,אגדתות | הרב שי הוד - כיצד מתפייסים,TRUE,*כיצד מתפייסים* עִתִּים לַתּוֹרָה - אגדתות | הרב שי הוד,FALSE,כיצד מתפייסים,TRUE,,
19/08/2026 10:41:08,שיעור כללי | הרב יהושע ויצמן,עינויי אכילה ביום כיפור,,,עינויי אכילה ביום כיפור | שיעור כללי | הרב יהושע ויצמן,TRUE,TRUE,"עינויי אכילה ביום כיפור | שיעור כללי | הרב יהושע ויצמן
שיעור חדש- מוזמנים לצפות 
שאלות, הצעות, בקשות? כתבו לנו",FALSE,עינויי אכילה ביום כיפור,TRUE,*עינויי אכילה ביום כיפור* שיעור כללי | הרב יהושע ויצמן,FALSE,עינויי אכילה ביום כיפור,TRUE,,
19/08/2026 11:21:37,עִתִּים לַתּוֹרָה - עיונים בספר שמות | הרב תמיר כהן,היכן הקדושה - במזרח או במערב,,,היכן הקדושה - במזרח או במערב | עִתִּים לַתּוֹרָה - עיונים בספר שמות | הרב תמיר כהן,TRUE,TRUE,"היכן הקדושה - במזרח או במערב | עִתִּים לַתּוֹרָה - עיונים בספר שמות | הרב תמיר כהן
שיעור חדש- מוזמנים לצפות 
שאלות, הצעות, בקשות? כתבו לנו",FALSE,עיונים בספר שמות | הרב תמיר כהן - היכן הקדושה - במזרח או במערב,TRUE,*היכן הקדושה - במזרח או במערב* עִתִּים לַתּוֹרָה - עיונים בספר שמות | הרב תמיר כהן,FALSE,היכן הקדושה - במזרח או במערב,TRUE,,
19/08/2026 12:42:19,עִתִּים לַתּוֹרָה - ספר הכוזרי | הרב שלמה בן אליהו,ישראל באומות - כלב באברים,,,ישראל באומות - כלב באברים | עִתִּים לַתּוֹרָה - ספר הכוזרי | הרב שלמה בן אליהו,TRUE,TRUE,"ישראל באומות - כלב באברים | עִתִּים לַתּוֹרָה - ספר הכוזרי | הרב שלמה בן אליהו
שיעור חדש- מוזמנים לצפות 
שאלות, הצעות, בקשות? כתבו לנו",FALSE,ספר הכוזרי | הרב שלמה בן אליהו - ישראל באומות - כלב באברים,TRUE,*ישראל באומות - כלב באברים* עִתִּים לַתּוֹרָה - ספר הכוזרי | הרב שלמה בן אליהו,FALSE,ישראל באומות - כלב באברים,TRUE,,
19/08/2026 12:58:36,לדוברי צרפתית - שיעורים קצרים לדרך - עבודת המידות בפרשה | הרב בן ציון שטרן,פרשת כי תצא,,,פרשת כי תצא | לדוברי צרפתית - שיעורים קצרים לדרך - עבודת המידות בפרשה | הרב בן ציון שטרן,TRUE,TRUE,"פרשת כי תצא | לדוברי צרפתית - שיעורים קצרים לדרך - עבודת המידות בפרשה | הרב בן ציון שטרן
שיעור חדש- מוזמנים לצפות 
שאלות, הצעות, בקשות? כתבו לנו",FALSE,פרשת כי תצא,FALSE,*פרשת כי תצא* לדוברי צרפתית - שיעורים קצרים לדרך - עבודת המידות בפרשה | הרב בן ציון שטרן,FALSE,פרשת כי תצא,TRUE,,
19/08/2026 14:24:19,שיעור עיון בזוהר - פרשת יתרו | הרב יהושע ויצמן,דף פא עמוד ב #5 ,"עָנָן גָּדוֹל וְאֵשׁ מִתְלַקַּחַת, דְּהֲוָה אָחִיד בֵּיהּ, (ס''א ולא אחיד, אחיד בסטרוי וכו'), וְלָא הָוָה אָחִיד בְּסִטְרוֹי לְאִתְּעָרָא דִּינָא, דְּתָנֵינָן, תְּלַת זִמְנִין בְּיוֹמָא, יַנְקָא הַהוּא דִּינָא קַשְׁיָא, בְּקַרְדִיטֵי גְּלִיפִין מִסִּטְרָא דִּגְבוּרָה, הֲדָא הוּא דִכְתִיב וְאֵשׁ מִתְלַקַּחַת. בְּגִין לְאִתְּעָרָא בְּעָלְמָא. וּמַה מְבַסֵּם לֵיהּ, הַהוּא דִּכְתִּיב בֵּיהּ וְנֹגַהּ לוֹ סָבִיב. דְּהַהוּא זִיהֲרָא דְּאַסְחַר לֵיהּ מִכָּל סִטְרוֹי, מְבַסֵּם לֵיהּ, וּמַתְקִין לֵיהּ, בְּגִין דְּלָא לֶהוֵי דִּינָא קַשְׁיָא, וְיֵיכְלוּן בְּנֵי נָשָׁא לְמִסְבְּלֵיהּ. (יחזקאל א) וּמִתּוֹכָהּ כְּעֵין הַחַשְׁמַל, תָּאנָא, וּמִתּוֹכָהּ: וּמִגַּוָּוהּ. כְּעֵין הַחַשְׁמַל, מַאי חַשְׁמַל. אָמַר רִבִּי יְהוּדָה, (ק''ט ע''ב, ר''ג ע''ב, רמ''ז ע''א) חַיּוֹת אֶשָּׂא מְמַלְּלָא.  דף פ''ב ע''א תָּאנָא, אָמַר רִבִּי יוֹסֵי, חַשְׁמַל: מַה דְּהֲוָה לִבָּא לְאֶשָּׁא, דִּכְתִּיב מִתּוֹךְ הָאֵשׁ כְּעֵין הַחַשְׁמַל. וְלֹא הַחַשְׁמַל מִתּוֹךְ הָאֵשׁ, מִגּוֹ אֶשָּׁא דְּאִיהִי לְגוֹ בְּאֶשָּׁא. כְּעֵין הַחַשְׁמַל דְּאִיהִי בָּתַר אַרְבַּע דַּרְגִּין, דִּכְתִּיב, רוּחַ סְעָרָה, עָנָן גָּדוֹל, וְאֵשׁ מִתְלַקַּחַת, וְנֹגַהּ לוֹ (דף פ''ב ע''א) סָבִיב. וּמִתּוֹכָהּ כְּעֵין הַחַשְׁמַל מִתּוֹךְ הָאֵשׁ, הַהוּא דִּכְתִּיב בֵּיהּ וְאֵשׁ מִתְלַקַּחַת.",,דף פא עמוד ב #5  | שיעור עיון בזוהר - פרשת יתרו | הרב יהושע ויצמן,TRUE,TRUE,"דף פא עמוד ב #5  | שיעור עיון בזוהר - פרשת יתרו | הרב יהושע ויצמן
שיעור חדש- מוזמנים לצפות 
שאלות, הצעות, בקשות? כתבו לנו",FALSE,פרשת יתרו - דף פא עמוד ב #5 ,TRUE,*דף פא עמוד ב #5 * שיעור עיון בזוהר - פרשת יתרו | הרב יהושע ויצמן,FALSE,דף פא עמוד ב #5 ,TRUE,,
19/08/2026 14:54:01,"תנ""ך - ספר תהלים | הרב אלעזר אהרנסון", מזמור ב',תהלים פרק ב (א) לָ֭מָּה רָגְשׁ֣וּ גוֹיִ֑ם וּ֝לְאֻמִּ֗ים יֶהְגּוּ־רִֽיק: (ב) יִ֥תְיַצְּב֨וּ׀ מַלְכֵי־אֶ֗רֶץ וְרוֹזְנִ֥ים נֽוֹסְדוּ־יָ֑חַד עַל־יְ֝קֹוָק וְעַל־מְשִׁיחֽוֹ: (ג) נְֽ֭נַתְּקָה אֶת־מֽוֹסְרוֹתֵ֑ימוֹ וְנַשְׁלִ֖יכָה מִמֶּ֣נּוּ עֲבֹתֵֽימוֹ: (ד) יוֹשֵׁ֣ב בַּשָּׁמַ֣יִם יִשְׂחָ֑ק אֲ֝דֹנָ֗י יִלְעַג־לָֽמוֹ: (ה) אָ֤ז יְדַבֵּ֣ר אֵלֵ֣ימוֹ בְאַפּ֑וֹ וּֽבַחֲרוֹנ֥וֹ יְבַהֲלֵֽמוֹ: (ו) וַ֭אֲנִי נָסַ֣כְתִּי מַלְכִּ֑י עַל־צִ֝יּ֗וֹן הַר־קָדְשִֽׁי: (ז) אֲסַפְּרָ֗ה אֶֽ֫ל חֹ֥ק יְֽקֹוָ֗ק אָמַ֮ר אֵלַ֥י בְּנִ֥י אַ֑תָּה אֲ֝נִ֗י הַיּ֥וֹם יְלִדְתִּֽיךָ: (ח) שְׁאַ֤ל מִמֶּ֗נִּי וְאֶתְּנָ֣ה ג֭וֹיִם נַחֲלָתֶ֑ךָ וַ֝אֲחֻזָּתְךָ֗ אַפְסֵי־אָֽרֶץ: (ט) תְּ֭רֹעֵם בְּשֵׁ֣בֶט בַּרְזֶ֑ל כִּכְלִ֖י יוֹצֵ֣ר תְּנַפְּצֵֽם: (י) וְ֭עַתָּה מְלָכִ֣ים הַשְׂכִּ֑ילוּ הִ֝וָּסְר֗וּ שֹׁ֣פְטֵי אָֽרֶץ: (יא) עִבְד֣וּ אֶת־יְקֹוָ֣ק בְּיִרְאָ֑ה וְ֝גִ֗ילוּ בִּרְעָדָֽה: (יב) נַשְּׁקוּ־בַ֡ר פֶּן־יֶאֱנַ֤ף׀ וְתֹ֬אבְדוּ דֶ֗רֶךְ כִּֽי־יִבְעַ֣ר כִּמְעַ֣ט אַפּ֑וֹ אַ֝שְׁרֵ֗י כָּל־ח֥וֹסֵי בֽוֹ: ,," מזמור ב' | תנ""ך - ספר תהלים | הרב אלעזר אהרנסון",TRUE,TRUE," מזמור ב' | תנ""ך - ספר תהלים | הרב אלעזר אהרנסון
שיעור חדש- מוזמנים לצפות 
שאלות, הצעות, בקשות? כתבו לנו",FALSE, מזמור ב',TRUE,"* מזמור ב'* תנ""ך - ספר תהלים | הרב אלעזר אהרנסון",FALSE, מזמור ב',TRUE,,
19/08/2026 18:08:02,שיעורים קצרים לדרך - הארה בפרשה | הרב מנשה וינר,"פרשת כי תצא - ""כי יפול הנופל"" מי זה הנופל?",,,"פרשת כי תצא - ""כי יפול הנופל"" מי זה הנופל? | שיעורים קצרים לדרך - הארה בפרשה | הרב מנשה וינר",TRUE,TRUE,"פרשת כי תצא - ""כי יפול הנופל"" מי זה הנופל? | שיעורים קצרים לדרך - הארה בפרשה | הרב מנשה וינר
שיעור חדש- מוזמנים לצפות 
שאלות, הצעות, בקשות? כתבו לנו",TRUE,"פרשת כי תצא - ""כי יפול הנופל"" מי זה הנופל?",TRUE,"*פרשת כי תצא - ""כי יפול הנופל"" מי זה הנופל?* שיעורים קצרים לדרך - הארה בפרשה | הרב מנשה וינר",TRUE,"פרשת כי תצא - ""כי יפול הנופל"" מי זה הנופל?",TRUE,,
19/08/2026 18:17:51,שיעורים קצרים לדרך - פינת ההלכה | הרב מיכאל אזרד,מי שמרגיש עייפות האם ימשיך ללכת לסליחות?,,,מי שמרגיש עייפות האם ימשיך ללכת לסליחות? | שיעורים קצרים לדרך - פינת ההלכה | הרב מיכאל אזרד,TRUE,TRUE,"מי שמרגיש עייפות האם ימשיך ללכת לסליחות? | שיעורים קצרים לדרך - פינת ההלכה | הרב מיכאל אזרד
שיעור חדש- מוזמנים לצפות 
שאלות, הצעות, בקשות? כתבו לנו",TRUE,מי שמרגיש עייפות האם ימשיך ללכת לסליחות?,TRUE,*מי שמרגיש עייפות האם ימשיך ללכת לסליחות?* שיעורים קצרים לדרך - פינת ההלכה | הרב מיכאל אזרד,TRUE,מי שמרגיש עייפות האם ימשיך ללכת לסליחות?,TRUE,,
19/08/2026 20:04:45,מדרש רבה | הרב יהושע ויצמן,"""אשרי האיש ירא את ה' "" (מג,א)",,,"""אשרי האיש ירא את ה' "" (מג,א) | מדרש רבה | הרב יהושע ויצמן",TRUE,TRUE,"""אשרי האיש ירא את ה' "" (מג,א) | מדרש רבה | הרב יהושע ויצמן
שיעור חדש- מוזמנים לצפות 
שאלות, הצעות, בקשות? כתבו לנו",FALSE,"""אשרי האיש ירא את ה' "" (מג,א)",TRUE,"*""אשרי האיש ירא את ה' "" (מג,א)* מדרש רבה | הרב יהושע ויצמן",FALSE,"""אשרי האיש ירא את ה' "" (מג,א)",TRUE,,
19/08/2026 20:05:13,לחיות עם פרשת השבוע | הרב יהושע ויצמן,פרשת כי תצא - תאמין בעצמך,,,פרשת כי תצא - תאמין בעצמך | לחיות עם פרשת השבוע | הרב יהושע ויצמן,TRUE,TRUE,"פרשת כי תצא - תאמין בעצמך | לחיות עם פרשת השבוע | הרב יהושע ויצמן
שיעור חדש- מוזמנים לצפות 
שאלות, הצעות, בקשות? כתבו לנו",FALSE,פרשת כי תצא - תאמין בעצמך,FALSE,*פרשת כי תצא - תאמין בעצמך* לחיות עם פרשת השבוע | הרב יהושע ויצמן,FALSE,פרשת כי תצא - תאמין בעצמך,TRUE,,
20/08/2026 09:54:34,דרכי לימוד בגמרא | הרב יהושע ויצמן,חצי שיעור,,,חצי שיעור | דרכי לימוד בגמרא | הרב יהושע ויצמן,TRUE,TRUE,"חצי שיעור | דרכי לימוד בגמרא | הרב יהושע ויצמן
שיעור חדש- מוזמנים לצפות 
שאלות, הצעות, בקשות? כתבו לנו",FALSE,חצי שיעור,FALSE,*חצי שיעור* דרכי לימוד בגמרא | הרב יהושע ויצמן,FALSE,חצי שיעור,TRUE,,
20/08/2026 11:59:14,העמוד היומי בזוהר - פרשת פקודי | שיעור קצר,דף רמט עמוד ב,"סוף רמט ע""א: ""רוחא דא כד אתכליל"" - עד רמט ע""ב: ""ודחיין ליה לבר""",,דף רמט עמוד ב | העמוד היומי בזוהר - פרשת פקודי | שיעור קצר,TRUE,TRUE,"דף רמט עמוד ב | העמוד היומי בזוהר - פרשת פקודי | שיעור קצר
שיעור חדש- מוזמנים לצפות 
שאלות, הצעות, בקשות? כתבו לנו",FALSE,פרשת פקודי - דף רמט עמוד ב,TRUE,*דף רמט עמוד ב* העמוד היומי בזוהר - פרשת פקודי | שיעור קצר,FALSE,דף רמט עמוד ב,TRUE,,
20/08/2026 12:04:52,עִתִּים לַתּוֹרָה - מועדי ישראל | הרב מרדכי פרומר,ראש השנה -   להיכלל בתוך עמי,,,ראש השנה -   להיכלל בתוך עמי | עִתִּים לַתּוֹרָה - מועדי ישראל | הרב מרדכי פרומר,TRUE,TRUE,"ראש השנה -   להיכלל בתוך עמי | עִתִּים לַתּוֹרָה - מועדי ישראל | הרב מרדכי פרומר
שיעור חדש- מוזמנים לצפות 
שאלות, הצעות, בקשות? כתבו לנו",FALSE,מועדי ישראל | הרב מרדכי פרומר - ראש השנה -   להיכלל בתוך עמי,TRUE,*ראש השנה -   להיכלל בתוך עמי* עִתִּים לַתּוֹרָה - מועדי ישראל | הרב מרדכי פרומר,FALSE,ראש השנה -   להיכלל בתוך עמי,TRUE,,
20/08/2026 13:13:57,שיעור עיון בזוהר - פרשת יתרו | הרב יהושע ויצמן,דף פב עמוד א #1  - מתן תורה ומדרגות הנבואה,"תַּנְיָא רַבִּי יוֹסֵי בַּר רַבִּי יְהוּדָה אָמַר, חָמוּ יִשְׂרָאֵל הָכָא, מַה דְּלָא חָמָא יְחֶזְקֵאל בֶּן בּוּזִי, וְכֻלְּהוּ אִתְדְּבָקוּ בֶּחָכְמְתָא עִלָּאָה יַקִּירָא. חֲמִשָּׁה דַּרְגִּין דְּקַלִין, חָמוּ יִשְׂרָאֵל בְּטוּרָא דְּסִינַי. וּבַחֲמִשָּׁה דַּרְגִּין אִלֵּין אִתְיְיהִיבַת אוֹרַיְיתָא. דַּרְגָּא חֲמִישָׁאָה הוּא, דִּכְתִּיב קוֹל הַשֹׁפָר. יְחֶזְקֵאל לָקֳבְלֵיהוֹן חָמָא חֲמִשָּׁה דַּרְגִּין דְּאִינּוּן לְבַר מֵאִלֵּין, דְּאִינּוּן רוּחַ סְעָרָה, עָנָן גָּדוֹל, וְאֵשׁ מִתְלַקַּחַת, וְנֹגַהּ לוֹ סָבִיב, וְעֵין הַחַשְׁמַל. אָמַר רַבִּי אֶלְעָזָר, בְּיִשְׂרָאֵל כְּתִיב, (דברים ה) פָּנִים בְּפָנִים דִּבֶּר יְיָ' וְגוֹ'. בִּיחֶזְקֵאל כְּתִיב, כְּעֵין, וּדְמוּת, כְּמַאן דְּחָמֵי בָּתַר כּוֹתָלִין סַגִּיאִין, כְּמַאן דְּחָמֵי בַּר נָשׁ בָּתַר כּוֹתָלָא. אָמַר רַבִּי יְהוּדָה, מַה דְּחָמוּ יִשְׂרָאֵל, לָא חָמָא נְבִיאָה אַחֲרָא, כָּל שֶׁכֵּן מַה דְּחָמָא מֹשֶׁה, דְּלָא חָמָא נְבִיאָה אַחֲרָא. (ס''א כל שכן בר נש אחרא) זַכָּאָה חוּלָקֵיהּ, דִּכְתִּיב בֵּיהּ, (שמות לה) וַיְהִי שָׁם עִם יְיָ' וְלֹא בְּחֵיזוּ אַחֲרָא, כְּמָה דִּכְתִּיב, (במדבר יב) וּמַרְאֶה וְלא בְחִידוֹת.",,דף פב עמוד א #1  - מתן תורה ומדרגות הנבואה | שיעור עיון בזוהר - פרשת יתרו | הרב יהושע ויצמן,TRUE,TRUE,"דף פב עמוד א #1  - מתן תורה ומדרגות הנבואה | שיעור עיון בזוהר - פרשת יתרו | הרב יהושע ויצמן
שיעור חדש- מוזמנים לצפות 
שאלות, הצעות, בקשות? כתבו לנו",FALSE,פרשת יתרו - דף פב עמוד א #1  - מתן תורה ומדרגות הנבואה,TRUE,*דף פב עמוד א #1  - מתן תורה ומדרגות הנבואה* שיעור עיון בזוהר - פרשת יתרו | הרב יהושע ויצמן,FALSE,דף פב עמוד א #1  - מתן תורה ומדרגות הנבואה,TRUE,,
20/08/2026 13:37:34,חסידות בפרשה | הרב אלעזר אהרנסון,פרשת כי תצא - צעקה הנערה המאורשה ואין מושיע לה,,,פרשת כי תצא - צעקה הנערה המאורשה ואין מושיע לה | חסידות בפרשה | הרב אלעזר אהרנסון,TRUE,TRUE,"פרשת כי תצא - צעקה הנערה המאורשה ואין מושיע לה | חסידות בפרשה | הרב אלעזר אהרנסון
שיעור חדש- מוזמנים לצפות 
שאלות, הצעות, בקשות? כתבו לנו",FALSE,פרשת כי תצא - צעקה הנערה המאורשה ואין מושיע לה,FALSE,*פרשת כי תצא - צעקה הנערה המאורשה ואין מושיע לה* חסידות בפרשה | הרב אלעזר אהרנסון,FALSE,פרשת כי תצא - צעקה הנערה המאורשה ואין מושיע לה,TRUE,,
20/08/2026 16:09:18,שיעור עיון בזוהר - פרשת יתרו | הרב יהושע ויצמן,דף פב עמוד א #2  - נבואת יחזקאל לעומת מעמד הר סיני,"אָמַר רַבִּי יוֹסֵי, תָּא חֲזֵי, כְּתִיב, (יחזקאל א) (ב' א') הָיֹה הָיָה דְּבַר יְיָ', נְבוּאָה לְשַׁעֲתָא הָיְתָה. ר' יְהוּדָה אוֹמֵר, לְקִיּוּמָא הוּא דְּאָתָא, דְּאִצְטְרִיךְ לְמֶהֱוֵי בְּגִינֵיהוֹן דְּיִשְׂרָאֵל, לְאִשְׁתְּמוֹדְעָא דְּהָא לָא שָׁבִיק לוֹן קוּדְשָׁא בְּרִיךְ הוּא, וּבְכָל אֲתָר דְּמִתְפָּזְרִין יִשְׂרָאֵל בְּגָלוּתָא, עִמְהוֹן הוּא שַׁרְיָא.
אָמַר רַבִּי אֶלְעָזָר, הָיֹה הָיָה: דְּחָמָא וְלָא חָמָא, דְּקָאִים בְּאִינּוּן מִלִּין, וְלָא קָאִים. הֲדָא הוּא דִכְתִיב וָאֵרֶא כְּעֵין חַשְׁמַל, וְלָא חַשְׁמַל אֲבָל יִשְׂרָאֵל, מַה כְּתִיב בְּהוּ, וְכָל הָעָם רֹאִים אֶת הַקּוֹלֹת, כָּל חַד וְחַד חָמָא, כַּדְקָא חֲזֵי לֵיהּ.
דְּתַנְיָא, כָּל חַד וְחַד הֲווֹ קַיְימִין שׁוּרִין שׁוּרִין, תְּחוּמִין תְּחוּמִין, וְכַדְקָא אִתְחָזֵי לְהוּ, חָמוּ כָּל חַד וְחַד.
השלמה מההשמטות (סימן א)
(שמות כ) וְכָל הָעָם רוֹאִים אֶת הַקּוֹלוֹת וְאֵת הַלַּפִּידִים. וְכִי רוֹאִים אֶת הַקּוֹלוֹת אֶלָּא וְכָל הָעָם רוֹאִים אֵת הַקּוֹלוֹת, אוֹתָן קוֹלוֹת שֶׁנֶּאָמַר (תהילים כ''ט) קוֹל יְיָ עַל הַמָּיִם אֵל הַכָּבוֹד הִרְעִים. קוֹל יְיָ בַּכֹּחַ. וְאוֹמֵר (ישעיה י) בְּכֹחַ יָדִי עָשִׂיתִי. וְאוֹמֵר (ישעיה מח) אַף יָדִי יָסְדָה אֶרֶץ. (תהלים כ''ט) קוֹל ה' בֶּהָדָר. וְאוֹמֵר (תהלים קי''א) הוֹד וְהָדָר פָּעֳלוֹ וְצִדְקָתוֹ. (תהלים כ''ט) קוֹל יְיָ שׁוֹבֵר אֲרָזִים, זֶה קֶשֶׁת שֶׁמְשַּׁבֶּרֶת עֲצֵי אֲרָזִים וַעֲצֵי בְּרוֹשִׁים. (תהלים כ''ט) קוֹל יְיָ חוֹצֵב לַהֲבוֹת אֵשׁ, זֶה שֶּׁעוֹשֶׂה שָׁלוֹם בֵּין הָאֵשׁ וּבֵין הַמַּיִם שֶׁחוֹצֵב כֹּחַ הָאֵשׁ וּמוֹנִעַ אוֹתוֹ מִלִלְחוֹךְ הַמַּיִם גַּם מוֹנִעַ מִלְכָבּוֹתוֹ. (תהלים כ''ט) קוֹל יְיָ יָחִיל מִדְבָּר, שֶׁנְּאמַר (תהלים י''ח) וְעוֹשֶׂה חֶסֶד לִמְשִׁיחוֹ לְדָוִד וּלְזָרְעוֹ עַד עוֹלָם. יוֹתֵר מִן הַמִּדְבָּר. (תהלים כ''ט) קוֹל יְיָ יְחוֹלֵל אַיָּלוֹת וַיֶחֱשׂוֹף יְעָרוֹת וּבְהֵיכָלוֹ כֻּלּוֹ אוֹמֵר כָּבוֹד. דִּכְתִיב (שיר השירים ב') הִשְׁבַּעְתִּי אֶתְכֶם בְּנוֹת יְרוּשָׁלַיִם בִּצְבָאוֹת אוֹ בְּאַיְלוֹת הַשָּׂדֶה. הָא לַמָדְתָּ שֶׁבְּשֶׁבַע קוֹלוֹת נִיתָּנָה הַתּוֹרָה וּבְכוּלָּם נִגְלָה עֲלֵיהֶם אֲדוֹן הַעוֹלָם, וְרָאוּם. וְהַיְינוּ, דִּכְתִיב (שמות ב') וְכָל הָעָם רוֹאִים אֶת הַקּוֹלוֹת.
כָּתוּב אֶחָד אוֹמֵר (תהלים י''ח) וַיֵּט שָּׁמַיִם וַיֵּרַד וַעֲרָפֶל תַּחַת רַגְלָיו. וְכָתוּב אֶחָד אוֹמֵר (שמות כ) כִּי מִן הַשָּׁמַיִם דִּבַּרְתִי עִמָּכֶם. הַא כֵּיצָד אִשׁוֹ הַגְּדוֹלָה הָיְתָה בָּאָרֶץ שֶׁהוּא קוֹל אֶחָד, וּשְׁאָר קוֹלוֹת הָיוּ בַּשָׁמַיִם דִּכְתִיב (דברים ד) מִן הַשָּׁמַיִם הִשְׁמִיעֲךָ אֵת קוֹלוֹ לְיַסְּרֶךָּ וְעַל הָאָרֶץ הֶרְאֲךָ אֵת אִשׁוֹ הַגְּדוֹלָה וּדְבָרָיו שָׁמַעְתָּ מִתּוֹך הָאֵשׁ. וּמַאי הִיא גְּדוֹלָה, (שמאלו) וּמֵאֵלוּ הָיָה יוֹצֵא דִבּוּר מִתּוֹך הָאֵשׁ שֶׁנֶּאֱמַר, וּדְבָרָיו שָׁמַעְתָּ מִתּוֹך הָאֵשׁ.
וּמַאי (דברים ד) וּתְּמוּנָה אֵינְכֶם רוֹאִים זוּלָתִי קוֹל, הַהוּא כִּדְאָמַר לָהֶם מֹשֶׁה לְיִשְׂרָאֵל (דברים ד) כִּי לֹא רְאִיתֶם כָּל תְּמוּנָה. תְּמוּנָה וְלא כָּל תְּמוּנָה. מָשָׁל לְמָה הַדָּבָר דּוֹמֶה, לְמֶלֶךְ שֶׁהָיָה עוֹמֵד עַל עֲבָדָיו מְעוּטָף בִּכְסוּת לְבָנָה לֹא דָּי לְאֵימַת הַמֶּלֶךְ שֶׁיִסְתָּכְּלוּ בִּלְבוּשָׁיו וְעוֹד רָחוֹק הָיָה הַמֶּלֶךְ וְשָׁמְעוּ קוֹלוֹ, יְכוֹלִין לִרְאוֹת גְרוֹנוֹ אֲמַרְתָּ לֹא, הַא לָמַדְּתָ שֶׁרָאוּ תְמוּנָה וְלא כָּל תְמוּנָה. וְהַיְינוּ דִּכְתִיב, וּתְמוּנָה אֵינְכֶם רוֹאִים זוּלָתִי קוֹל. וּכְתִיב (דברים ד) קוֹל דְּבָרִים אַתֶּם שׁוֹמְעִים.
כָּתוּב אֶחָד אוֹמֶר וְכָל הַעֲם רוֹאִים אֵת הַקּוֹלוֹת וְכָתוּב אֶחָד אוֹמֶר קוֹל דְּבָרִים אַתֶּם שׁוֹמְעִים. הָא כֵּיצָד, בַּתְחִילָה רוֹאִים אֵת הַקּוֹלוֹת. וּמָה רָאוּ שֶׁבַע קוֹלוֹת שֶׁאָמַר דָּוִד וְלָסוֹף שָׁמְעוּ הַדָּבָר יוֹצֵא מִבֵּין כֻּלָּם. וְהָא אִינוּן עֶשֶׂר. דְּרַבָּנָן אַמְרֵי דְּכֻלְּהוּ אֲמְרִינָן (אמרן) כַּחֲדָא מִלְּתָא, כֵּן כֻּלְּהוּ כַּחֲדָא מִלְּתָא אֲמְרִינָן (אמרן). וַהֲווּ שִׁבְעָה מַאֲמָרוֹת בְּשִׁבְעָה קוֹלוֹת. וְעַל דָּא נֶאֱמַר קוֹל דְּבָרִים אַתֶּם שׁוֹמְעִים וּתְּמוּנָה אֵינְכֶם רוֹאִים זוּלָתִי קוֹל. הָא לָמַדְתָּ דְּכֻלְּהוּ כַּחֲדָא, מֵחֲדָא מִלְּתָא אֲמְרִינָן (אמרן). וּבַעֲבוּר שֶׁלּא יִטְעוּ יִשְׂרָאֵל לוֹמַר אֲחֵרִים יַעֲזְרוּהוּ מִן הַמַּלְאָכִים, אַף קוֹלוֹ לְבַדּוֹ לֹא יוּכַל לִהְיוֹת חָזָק כָּל כָּךְ, בַּעֲבוּר כָּךְ חָזַר וּכְלַלָם.
דָּבָר אַחֵר שֶׁלֹּא יֹאמְרוּ הַעוֹלָם הוֹאִיל וְהֵם עֲשָׂרָה מַאֲמָרוֹת לְעֶשֶׂר מַלְאָכִים שֶׁמָּא לא יוּכְלוּ לְדַבֵּר עַל פֶּה אֶחָד, כְּתִיב בֵּיהּ אָנֹכִי וְכָּלַל כָּל הַעֲשָׂרָה. וּמַאי עֲשָׂרָה מְלָכִים, שֶׁבַע קוֹלוֹת וּשְׁלשָׁה מָאֲמָרִים. וּמַאי אוֹמְרִים דִּכְתִיב (דברים כ''ו) וַיְיָ הֶאֱמִירְךָ הַיּוֹם. וּמַאי נִינְהוּ שְׁלשָׁה, דִּכְתִיב (משלי ד') רֵאשִׁית חָכְמָה קְנֵה חָכְמָה וּבְכָל קִנְיָנְךָ קְנֵה בִּינָה. כְּמָה דְאַתְּ אָמֵר (איוב ל''ב) וְנִשְׁמַת שַׁדָּי תְבִינֵם. נִשְׁמָתוֹ שֶׁל שַׁדָּי, הִיא תְבִינֵם, שְׁלִישִׁית מַאי הֲוֵי כְּדְאָמַר לֵיהּ הַהוּא גַּבְרָא סָבָא לְהַהוּא יְנוּקָא. בַּמּוּפְלֶא מִמְּךָ אַל תִּדְרוֹשׁ וּבַמְּכוּסֶה מִמְּךָ אַל תַּחְקוֹר בְּמָּה שֶׁהִרְשְׁיתִּיךָ הִתְבּוֹנֵן אֵין לְךָ עֵסֶק בַּנִּסְתָּרוֹת.
תָּנָא (משלי כ''ה) כְּבוֹד אֱלהִים הַסְתֶר דָבָר. מַאי דָבָר, כְּמָה דְאַתְּ אָמֵר (תהלים קי''ט) רֹאשׁ דְּבָרְךָ אֱמֶת. (משלי כ''ה) וּכְבוֹד מְלָכִים חַקוֹר דָבָר. מַאי דָבָר, דִּכְתִיב (משלי כ''ה) דָבָר דָּבוּר עַל אֹפָנָיו. אַל תִּקְרֵי אָפְנָיו, אֶלָּא אוֹפָנָיו: (עד כאן מההשמטות)
אָמַר רַבִּי שִׁמְעוֹן, רֵישֵׁי דְּעַמָּא בִּלְחוֹדַיְיהוּ, רֵישֵׁי דִּשְׁבָטִין בִּלְחוֹדַיְיהוּ. נוּקְבֵי בִּלְחוֹדַיְיהוּ. ה' דַּרְגִּין לִימִינָא, וְה' דַּרְגִּין לִשְׂמָאלָא. הֲדָא הוּא דִכְתִיב, (דברים כט) אַתֶּם נִצָּבִים הַיּוֹם כֻּלְכֶם לִפְנֵי יְיָ' אֱלהֵיכֶם רָאשֵׁיכֶם שִׁבְטֵיכֶם זִקְנֵיכֶם וְשׁוֹטְרֵיכֶם כֹּל אִישׁ וְגוֹ', הָא ה' דַּרְגִּין לִימִינָא. וְה' דַּרְגִּין לִשְׂמָאלָא מַאן אִינּוּן. הַיְינוּ דִּכְתִּיב, (דבהם כט) טַפְּכֶם, נְשֵׁיכֶם, וְגֵרְךָ אֲשֶׁר בְּקֶרֶב מַחֲנְיךָ, מֵחֹטֵב עֵצֶיךָ, עַד שֹׁאֵב מֵימֶיךָ. הָא ה' דַּרְגִּין לִשְׂמָאלָא.
כֻּלְּהוּ דַּרְגִּין אִתְתָּקָנוּ כְּגַוְונָא דִּלְעֵילָּא. לָקֳבְלֵיהוֹן יַרְתּוּ יִשְׂרָאֵל אַחֲסָנַת עָלְמִין, עֶשֶׂר אֲמִירָן, דִּבְהוּ תַּלְיָין כָּל פִּקּוּדִין, וְכָל זַכְוָון, וְכָל יְרוּתַת אַחֲסָנָא, דְּאִינּוּן חוּלָקָא טָבָא דְּיִשְׂרָאֵל.
תָּאנָא, בְּהַהִיא שַׁעֲתָא דְּקוּדְשָׁא בְּרִיךְ הוּא אִתְגְּלֵי בְּטוּרָא דְּסִינַי, הֲווֹ חָמָאן כָּל יִשְׂרָאֵל, כְּמַאן דְּחָמֵי נְהוֹרָא בַּעֲשִׁישָׁתָא, וּמֵהַהוּא נְהוֹרָא הֲוָה חָמֵי כָּל חַד וְחַד, מַה דְּלָא חָמָא יְחֶזְקֵאל נְבִיאָה.
מַאי טַעְמָא. מִשּׁוּם דְּאִינּוּן קַלִין עִלָּאִין, אִתְגְּלִיאוּ (נ''א אתגליפו) בְּחַד, כְּמָה דַּאֲמֵינָא, דִּכְתִּיב, וְכָל הָעָם רוֹאִים אֶת הַקּוֹלוֹת. אֲבָל בִּיחֶזְקֵאל, שְׁכִינְתָּא אִתְגְּלֵי בִּרְתִּיכוֹי, וְלָא יַתִּיר, וַהֲוָה חָמֵי, כְּמַאן דְּחָמֵי בָּתַר כּוֹתָלִין סַגִּיאִין.",,דף פב עמוד א #2  - נבואת יחזקאל לעומת מעמד הר סיני | שיעור עיון בזוהר - פרשת יתרו | הרב יהושע ויצמן,TRUE,TRUE,"דף פב עמוד א #2  - נבואת יחזקאל לעומת מעמד הר סיני | שיעור עיון בזוהר - פרשת יתרו | הרב יהושע ויצמן
שיעור חדש- מוזמנים לצפות 
שאלות, הצעות, בקשות? כתבו לנו",FALSE,פרשת יתרו - דף פב עמוד א #2  - נבואת יחזקאל לעומת מעמד הר סיני,TRUE,*דף פב עמוד א #2  - נבואת יחזקאל לעומת מעמד הר סיני* שיעור עיון בזוהר - פרשת יתרו | הרב יהושע ויצמן,FALSE,דף פב עמוד א #2  - נבואת יחזקאל לעומת מעמד הר סיני,TRUE,,
20/08/2026 17:51:54,"תנ""ך - ספר תהלים | הרב אלעזר אהרנסון",מזמור ג' - אמונה גם ברגעי השפל,תהלים פרק ג (א) מִזְמ֥וֹר לְדָוִ֑ד בְּ֝בָרְח֗וֹ מִפְּנֵ֤י׀ אַבְשָׁל֬וֹם בְּנֽוֹ: (ב) יְ֭קֹוָק מָֽה־רַבּ֣וּ צָרָ֑י רַ֝בִּ֗ים קָמִ֥ים עָלָֽי: (ג) רַבִּים֘ אֹמְרִ֪ים לְנַ֫פְשִׁ֥י אֵ֤ין יְֽשׁוּעָ֓תָה לּ֬וֹ בֵֽאלֹהִ֬ים סֶֽלָה: (ד) וְאַתָּ֣ה יְ֭קֹוָק מָגֵ֣ן בַּעֲדִ֑י כְּ֝בוֹדִ֗י וּמֵרִ֥ים רֹאשִֽׁי: (ה) ק֭וֹלִי אֶל־יְקֹוָ֣ק אֶקְרָ֑א וַיַּֽעֲנֵ֨נִי מֵהַ֖ר קָדְשׁ֣וֹ סֶֽלָה: (ו) אֲנִ֥י שָׁכַ֗בְתִּי וָֽאִ֫ישָׁ֥נָה הֱקִיצ֑וֹתִי כִּ֖י יְקֹוָ֣ק יִסְמְכֵֽנִי: (ז) לֹֽא־אִ֭ירָא מֵרִבְב֥וֹת עָ֑ם אֲשֶׁ֥ר סָ֝בִ֗יב שָׁ֣תוּ עָלָֽי: (ח) ק֮וּמָ֤ה יְקֹוָ֨ק׀ הוֹשִׁ֮יעֵ֤נִי אֱלֹהַ֗י כִּֽי־הִכִּ֣יתָ אֶת־כָּל־אֹיְבַ֣י לֶ֑חִי שִׁנֵּ֖י רְשָׁעִ֣ים שִׁבַּֽרְתָּ: (ט) לַיקֹוָ֥ק הַיְשׁוּעָ֑ה עַֽל־עַמְּךָ֖ בִרְכָתֶ֣ךָ סֶּֽלָה: ,,"מזמור ג' - אמונה גם ברגעי השפל | תנ""ך - ספר תהלים | הרב אלעזר אהרנסון",TRUE,TRUE,"מזמור ג' - אמונה גם ברגעי השפל | תנ""ך - ספר תהלים | הרב אלעזר אהרנסון
שיעור חדש- מוזמנים לצפות 
שאלות, הצעות, בקשות? כתבו לנו",FALSE,מזמור ג' - אמונה גם ברגעי השפל,TRUE,"*מזמור ג' - אמונה גם ברגעי השפל* תנ""ך - ספר תהלים | הרב אלעזר אהרנסון",FALSE,מזמור ג' - אמונה גם ברגעי השפל,TRUE,,
20/08/2026 17:52:28,"תנ""ך - ספר תהלים | הרב אלעזר אהרנסון",מזמור ד' - אבל למה להתרגז?,תהלים פרק ד (א) לַמְנַצֵּ֥חַ בִּנְגִינ֗וֹת מִזְמ֥וֹר לְדָוִֽד: (ב) בְּקָרְאִ֡י עֲנֵ֤נִי׀ אֱלֹ֮הֵ֤י צִדְקִ֗י בַּ֭צָּר הִרְחַ֣בְתָּ לִּ֑י חָ֝נֵּ֗נִי וּשְׁמַ֥ע תְּפִלָּתִֽי: (ג) בְּנֵ֥י אִ֡ישׁ עַד־מֶ֬ה כְבוֹדִ֣י לִ֭כְלִמָּה תֶּאֱהָב֣וּן רִ֑יק תְּבַקְשׁ֖וּ כָזָ֣ב סֶֽלָה: (ד) וּדְע֗וּ כִּֽי־הִפְלָ֣ה יְ֭קֹוָק חָסִ֣יד ל֑וֹ יְקֹוָ֥ק יִ֝שְׁמַ֗ע בְּקָרְאִ֥י אֵלָֽיו: (ה) רִגְז֗וּ וְֽאַל־תֶּ֫חֱטָ֥אוּ אִמְר֣וּ בִ֭לְבַבְכֶם עַֽל־מִשְׁכַּבְכֶ֗ם וְדֹ֣מּוּ סֶֽלָה: (ו) זִבְח֥וּ זִבְחֵי־צֶ֑דֶק וּ֝בִטְח֗וּ אֶל־יְקֹוָֽק: (ז) רַבִּ֥ים אֹמְרִים֘ מִֽי־יַרְאֵ֪נוּ֫ ט֥וֹב נְֽסָה־עָ֭לֵינוּ א֨וֹר פָּנֶ֬יךָ יְקֹוָֽק: (ח) נָתַ֣תָּה שִׂמְחָ֣ה בְלִבִּ֑י מֵעֵ֬ת דְּגָנָ֖ם וְתִֽירוֹשָׁ֣ם רָֽבּוּ: (ט) בְּשָׁל֣וֹם יַחְדָּו֘ אֶשְׁכְּבָ֪ה וְאִ֫ישָׁ֥ן כִּֽי־אַתָּ֣ה יְקֹוָ֣ק לְבָדָ֑ד לָ֝בֶ֗טַח תּוֹשִׁיבֵֽנִי: ,,"מזמור ד' - אבל למה להתרגז? | תנ""ך - ספר תהלים | הרב אלעזר אהרנסון",TRUE,TRUE,"מזמור ד' - אבל למה להתרגז? | תנ""ך - ספר תהלים | הרב אלעזר אהרנסון
שיעור חדש- מוזמנים לצפות 
שאלות, הצעות, בקשות? כתבו לנו",FALSE,מזמור ד' - אבל למה להתרגז?,TRUE,"*מזמור ד' - אבל למה להתרגז?* תנ""ך - ספר תהלים | הרב אלעזר אהרנסון",FALSE,מזמור ד' - אבל למה להתרגז?,TRUE,,
20/08/2026 19:24:55,מוסר | הרב יהושע ויצמן,כותבנו בספר החיים,,,כותבנו בספר החיים | מוסר | הרב יהושע ויצמן,TRUE,TRUE,"כותבנו בספר החיים | מוסר | הרב יהושע ויצמן
שיעור חדש- מוזמנים לצפות 
שאלות, הצעות, בקשות? כתבו לנו",FALSE,כותבנו בספר החיים,TRUE,*כותבנו בספר החיים* מוסר | הרב יהושע ויצמן,FALSE,כותבנו בספר החיים,TRUE,,
20/08/2026 21:22:50,"נ""ך | הרב מנשה וינר",שופטים פרק א,,,"שופטים פרק א | נ""ך | הרב מנשה וינר",TRUE,TRUE,"שופטים פרק א | נ""ך | הרב מנשה וינר
שיעור חדש- מוזמנים לצפות 
שאלות, הצעות, בקשות? כתבו לנו",FALSE,שופטים פרק א,FALSE,"*שופטים פרק א* נ""ך | הרב מנשה וינר",FALSE,שופטים פרק א,TRUE,,
21/08/2026 10:16:04,עיונים בפרשת השבוע | הרב מנשה וינר,פרשת כי תצא- הצרעת והבית,,,פרשת כי תצא- הצרעת והבית | עיונים בפרשת השבוע | הרב מנשה וינר,TRUE,TRUE,"פרשת כי תצא- הצרעת והבית | עיונים בפרשת השבוע | הרב מנשה וינר
שיעור חדש- מוזמנים לצפות 
שאלות, הצעות, בקשות? כתבו לנו",FALSE,פרשת כי תצא- הצרעת והבית,TRUE,*פרשת כי תצא- הצרעת והבית* עיונים בפרשת השבוע | הרב מנשה וינר,FALSE,פרשת כי תצא- הצרעת והבית,TRUE,,
21/08/2026 11:27:43,שיעור עיון בזוהר - פרשת יתרו | הרב יהושע ויצמן,"דף פב עמוד א #3  - ראש, גוף ויד בהתגלות","אָמַר רַבִּי יְהוּדָה, זַכָּאָה חוּלָקָא דְּמֹשֶׁה, דִּכְתִּיב בֵּיהּ, וַיֵּרֶד יְיָ' עַל הַר סִינַי וַיִּקְרָא יְיָ' לְמֹשֶׁה, זַכָּאָה דָּרָא, דִּכְתִּיב בֵּיהּ, יֵרֵד יְיָ' לְעֵינֵי כָל הָעָם עַל הַר סִינַי.
תָּא חֲזֵי, כְּתִיב (דברים לג) מִימִינוֹ אֵשׁ דָּת לָמוֹ, דְּהָא מִימִינָא אִתְגְּלֵי מַה דְּאִתְגְלֵי. מַה בֵּין הַאי לְהַאי. אָמַר ר' יוֹסֵי, הָכָא בְּסִינַי, רֵישָׁא וְגוּפָא דְּמַלְכָּא, דִּכְתִּיב, (שמואל ב כב) וַיֵּט שָׁמַיִם וַיֵּרַד, וּבַאֲתַר דְּאִית רֵישָׁא, אִית גּוּפָא, אֲבָל בִּיחֶזְקֵאל כְּתִיב (יחזקאל א) וַתְּהִי עָלָיו שָׁם יַד יְיָ', דְּאִתְגְלֵי יְדָא, וְלָא גּוּפָא. וְתָנֵינָן, אֲפִילּוּ בִּידָא, יַד יְיָ' עִלָּאָה, יַד יְיָ' תַּתָּאָה.
תָּא חֲזֵי, כְּתִיב נִפְתְּחוּ הַשָּׁמַיִם וָאֶרְאֶה מַרְאֹת אֱלֹהִים. מַרְאֹת כְּתִיב חָסֵר, לְאִתְחֲזָאָה דִּבְגִין שְׁכִינְתָּא קָאָמַר, דְּהָא וָאֶרְאֶה מַרְאֹת חָסֵר, מַרְאֶה חַד. אָמַר ר' יֵיסָא, וְכִי שְׁכִינְתָּא לָאו כֹּלָּא. אָמַר רַבִּי יוֹסֵי, לָא דָּמֵי רֵישָׁא דְּמַלְכָּא, לְרַגְלוֹי דְּמַלְכָּא, אַף עַל גַּב דְּכֹלָּא הֲוֵי בְּגוּפָא דְּמַלְכָּא.
תָּא חֲזֵי, בִּישַׁעְיָהוּ כְּתִיב, (ישעיה ו) וָאֵרֶא אֶת יְיָ', בִּיחֶזְקֵאל כְּתִיב, וָאֶרְאֶה מַרְאֹת אֱלהִים, הָכָא אֶת, הָתָם מַרְאֹת. מַה דְּחָמָא דָּא, חָמָא דָּא. זַכָּאָה חוּלָקֵיהּ דְּמֹשֶׁה, דְּלָא הֲוָה נְבִיאָה מְהֵימָנָא שְׁלֵימָא כְּוָותֵיהּ.

דף פ''ב ע''ב
וָאֵרֶא אֶת יְיָ', אֶת דַּיְיקָא. וָאֶרְאֶה מַרְאֹת אֱלהִים, מַרְאֹת דַּיְיקָא. וּבְדַרְגָּא חַד הָווֹ. אִי (דף פ''ב ע''ב) הָכִי, אֲמַאי לָא פָּרִישׁ יְשַׁעְיָה כּוּלֵי הַאי. אָמַר רַבִּי יוֹסֵי, דָּא כָּלִיל, דָּא פָּרִישׁ. מַאי טַעֲמָא פָּרִישׁ כּוּלֵי הַאי יְחֶזְקֵאל. אֶלָּא, כֹּלָּא אִצְטְרִיךְ בְּגִינֵיהוֹן דְּיִשְׂרָאֵל, דְּיִנְדְּעוּן חֲבִיבוּתָא דְּחָבִיב לְהוּ קוּדְשָׁא בְּרִיךְ הוּא, דְּשְׁכִינְתֵּיהּ וּרְתִיכוֹי אַתְיָין לְדַיָּירָא בֵּינַיְיהוּ בְּגָלוּתָא.",https://drive.google.com/file/d/1GoF8Qrh24UyO57qg2ZQWG9Fda-fFqXdS/preview,"דף פב עמוד א #3  - ראש, גוף ויד בהתגלות | שיעור עיון בזוהר - פרשת יתרו | הרב יהושע ויצמן",TRUE,TRUE,"דף פב עמוד א #3  - ראש, גוף ויד בהתגלות | שיעור עיון בזוהר - פרשת יתרו | הרב יהושע ויצמן
שיעור חדש- מוזמנים לצפות 
שאלות, הצעות, בקשות? כתבו לנו",FALSE,"פרשת יתרו - דף פב עמוד א #3  - ראש, גוף ויד בהתגלות",TRUE,"*דף פב עמוד א #3  - ראש, גוף ויד בהתגלות* שיעור עיון בזוהר - פרשת יתרו | הרב יהושע ויצמן",FALSE,"דף פב עמוד א #3  - ראש, גוף ויד בהתגלות",TRUE,,
23/08/2026 11:35:08,שיעור עיון בזוהר - פרשת יתרו | הרב יהושע ויצמן,דף פב עמוד ב #1 - גילוי שכינה בארץ כשדים,"אָמַר רִבִּי חִיָּיא, בְּאֶרֶץ כַּשְׂדִּים, וְהָא כְּתִיב (ישעיה כג) הֵן אֶרֶץ כַּשְׂדִּים זֶה הָעָם לֹא הָיָה, אֲמַאי אִתְגְּלֵי שְׁכִינְתָּא תַּמָּן. אִי תֵּימָא בְּגִינֵיהוֹן דְּיִשְׂרָאֵל, הֲוָה טָב דְּתִשְׁרֵי שְׁכִינְתָּא בְּגַוַּויְיהוּ, וְלָא יִתְגַּלְיָיא. אֶלָּא, הָכִי תָּאנָא, אִי לָאו דְּאִתְגַּלְיָיא לָא הֲווֹ יַדְעִין.
וְהָא דְּאִתְגַּלְיָיא, מַה כְּתִיב, עַל נְהַר כְּבָר, עַל מַיָּא, בְּאֲתָר דְּלָא יִסְתְּאַב, וְלָא (ויחי רכ''ב ע''ב) שַׁרְיָא מְסָאֳבוּתָא. וְהַהוּא נַהֲרָא, הֲוָה חַד מֵאַרְבַּע נָהֲרִין, דְּנָפְקִין מִגִּנְתָּא דְּעֵדֶן, דִּכְתִּיב עַל נְהַר כְּבָר. מַאי כְּבָר. דִּכְבָר הֲוָה. מֵאֲתָר דִּשְׁכִינְתָּא שַׁרְיָא עֲלוֹי. וּכְתִיב וַתְּהִי עָלָיו שָׁם יַד יְיָ', שָׁם, וְלָא בְּאֲתָר אַחֲרָא.
אָמַר רַבִּי חִיָּיא, כְּתִיב וּמִתּוֹכָהּ דְּמוּת אַרְבַּע חַיּוֹת וְזֶה מַרְאֵיהֶן דְּמוּת אָדָם לָהֵנָּה. תָּאנָא בְּרָזָא עִלָּאָה, אַרְבַּע חִיוָון אִית, דְּאִינְהוּ לְגוֹ בְּגוֹ הֵיכָלָא קַדִּישָׁא, וְאִינּוּן קַדְמָאֵי, עַתִּיקִין דְּעַתִּיקָא קַדִּישָׁא, כְּלָלָא דִּשְׁמָא עִלָּאָה. וִיחֶזְקֵאל חָמָא, דְּמוּת דִּרְתִּיכִין עִלָּאִין, דְּהָא הוּא חָמָא, מֵאֲתָר דְּלָא הֲוָה נָהִיר כָּל כַּךְ. תָּאנָא, כְּגַוְונָא דִּלְעֵילָּא, אִית לְתַתָּא מִינַיְיהוּ, וְכֵן בְּכֻלְּהוּ עָלְמִין, כּוּלְּהוּ אֲחִידָן דָּא בְּדָא, וְדָא בְּדָא.
וְאִי תֵּימָא לְעֵילָּא יַתִּיר דְּחָמָא. תָּנִינָן, מֹשֶׁה חָמָא בְּאַסְפָּקָלַרְיָא דְּנָהֲרָא, וְכֻלְּהוּ נְבִיאֵי לָא חָמוּ אֶלָּא מִגּוֹ אַסְפָּקָלַרְיָא דְּלָא נָהֲרָא, דִּכְתִּיב וָאֶרְאֶה מַרְאֹת אֱלהִים. וּכְתִיב (במדבר יב) אִם יִהְיֶה נְבִיאֲכֶם יְיָ' בַּמַּרְאָה אֵלָיו אֶתְוַדָּע וְגוֹ' לא כֵן עַבְדִּי מֹשֶׁה וְגו', וּכְתִיב פֶּה אֶל פֶּה אֲדַבֶּר בּוֹ.",https://drive.google.com/file/d/1a6iDn3fiP5MTmcxyPilKcDT6l38wUXz1/preview,דף פב עמוד ב #1 - גילוי שכינה בארץ כשדים | שיעור עיון בזוהר - פרשת יתרו | הרב יהושע ויצמן,TRUE,TRUE,"דף פב עמוד ב #1 - גילוי שכינה בארץ כשדים | שיעור עיון בזוהר - פרשת יתרו | הרב יהושע ויצמן
שיעור חדש- מוזמנים לצפות 
שאלות, הצעות, בקשות? כתבו לנו",FALSE,פרשת יתרו - דף פב עמוד ב #1 - גילוי שכינה בארץ כשדים,TRUE,*דף פב עמוד ב #1 - גילוי שכינה בארץ כשדים* שיעור עיון בזוהר - פרשת יתרו | הרב יהושע ויצמן,FALSE,דף פב עמוד ב #1 - גילוי שכינה בארץ כשדים,TRUE,,
23/08/2026 13:19:28,העמוד היומי בזוהר - פרשת פקודי | שיעור קצר,דף רנ עמוד א,"הַאי אוֹפָן דְּקַיְּימָא עַל אִלֵּין אַרְבְּעִין, כַּד נָטִיל מָטָא לְהַהוּא אֲתָר דְּאִקְרֵי (מלכים א יד) תָּא הָרָצִי''ם. וְכַד עָאל, עָאלוּ עִמֵּיהּ אִינּוּן אַרְבְּעִין, דִּי מְמָנָן בְּאַרְבַּע פִּתְחִין, וְסַלְּקִין כָּל אִינּוּן מְגִינִּין דִּי דַּהֲבָא. וְאִלֵּין אִינּוּן מַלְאֲכִין דְּאִקְרוּן חַשְׁמַלִי''ם. וְאִינּוּן מְגִינִּין וְסַיְיפִין וְרוּמְחִין, דְּרַהֲטֵי לְאַגָּנָא עָלַיְיהוּ דְּיִשְׂרָאֵל מִשְּׁאַר (דף ר''נ ע''א) עַמִּין, וּלְאַגָּחָא קְרָבָא בְּהוּ, וּלְנַקְמָא לוֹן כְּפוּם שַׁעֲתָא, בְּלָא אֲרִיכוּ.
וּבְגִין כָּךְ אִקְרֵי תָּא הָרָצִים, אֲתָר דְּאִינּוּן רָצִים רַהֲטֵי, וְאוֹחוּ לְאַגָּחָא, וּלְנָקְמָא נוּקְמִין לָקֳבֵל רָצִים אַחֲרָנִין, דְּרַהֲטֵי לְאַבְאָשָׁא וּלְאַתְרְעָא מַזָּלִין, לְשַׁלְּטָאָה עָלַיְיהוּ. וְרָזָא דָּא, (אסתר ג) הָרָצִים יָצְאוּ דְּחוּפִים. רָצִים מִסִּטְרָא דָּא, וְרָצִים מִסִּטְרָא דָּא, וּבְגִינֵהוֹן, (אסתר ח) וְהָעִיר שׁוּשָׁן צָהֲלָה וְשָׂמֵחָה, אוֹ (אסתר ג) נָבוֹכָה. אִי מְקַדְּמֵי אִלֵּין דְּהָכָא, הָעִיר שׁוּשָׁן שָׂמֵחָה. וְאִי מְקַדְּמֵי אִלֵּין דְּסִטְרָא אַחֲרָא, הָעִיר שׁוּשָׁן נָבוֹכָה.
וְהָא אוֹקִימְנָא, דִּבְכֹלָּא קַיְימִין אִלֵּין לָקֳבֵל אִלֵּין, סִטְרָא דָּא לָקֳבֵל סִטְרָא דָּא. וּבְגִין כָּךְ, אִלֵּין אִינּוּן מְגִינִּין לְכֹלָּא. כַּד סַלְּקִין אִלֵּין בְּאִלֵּין, נָפַק חַד אֲוֵירָא דִּלְעֵילָּא, וְאִתְעָבִידוּ כֻּלְּהוּ מָגֵן חַד. וְסִימָנִךְ, (בראשיתטו) אָנֹכִי מָגֵן לָךְ.
תְּרֵיסָר גַּלְגַּלִּין, אִינּוּן דְּסַחֲרָאן גּוֹ הֵיכָלָא דָּא, וְאִינּוּן אִקְרוּן שְׂרָפִים, דִּתְרֵין גַּוְונִין, חִוָּור וְסוּמָק, רַחֲמֵי וְדִינָא, אִלֵּין אִינּוּן קַיְימֵי לְאַשְׁגָּחָא תָּדִיר, עַל כָּל אִינּוּן מָארֵי דְּצַעֲרָא, דְּצַעְרִין לוֹן שְׁאַר עַמִּין, וְדַחֲקִין לוֹן, וְאִקְרוּן חַלּוֹנוֹת. וְהַיְינוּ דִּכְתִּיב, (שיר השירים ב) מַשְׁגִּיחַ מִן הַחַלּוֹנוֹת.
וְאִלֵּין קַיְימֵי לְאִסְתַּכְּלָא, כָּל אִינּוּן דִּמְצַלָּאן צְלוֹתַיְיהוּ, דִּמְקַדְּמֵי לְבֵי כְּנִישְׁתָּא, וְאִתְמְנוּן מֵאִינּוּן עֲשָׂרָה קַדְמָאֵי. כְּדֵין סַלְּקִין וְכַתְבִין לוֹן לְעֵילָּא, בְּגִין דְּאִלֵּין אִקְרוּן חֲבֵרִים לְגַבַּיְיהוּ. הֲדָא הוּא דִכְתִיב, (שיר השירים ח) חֲבֵרִים מַקְשִׁיבִים לְקוֹלֵךְ הַשְׁמִעִינִי.
זַכָּאִין אִינּוּן צַדִּיקַיָּיא, דְּיַדְעֵי לְסַדְּרָא צְלוֹתְהוֹן כְּדְקָא יֵאוֹת, בְּגִין דְּכַד הַאי צְלוֹתָא שָׁרָאת לְאִסְתַּלְּקָא, אִלֵּין סַלְּקִין בְּהַאי צְלוֹתָא, וְעָאלִין בְּכָל אִינּוּן רְקִיעִין, וּבְכָל אִינּוּן הֵיכָלִין, עַד תַּרְעָא דְּפִתְחָא עִלָּאָה, וְעָאלַת הַהִיא צְלוֹתָא קָמֵי מַלְכָּא, לְאִתְעַטְּרָא. כְּמָה דְּאִתְּמַר.
תָּא חֲזֵי, כָּל אִינּוּן דִּמְצַלָּאן צְלוֹתִין, וּמְקַדְּשֵׁי לְמָרֵיהוֹן בִּרְעוּתָא שְׁלִים, הַאי צְלוֹתָא בַּעְיָא לְאַפָּקָא לָהּ מִגּוֹ מַחֲשָׁבָה, וּבִרְעוּתָא דְּמִלוּלָא וְרוּחָא, וּכְדֵין אִתְקַדָּשׁ שְׁמֵיהּ דְקוּדְשָׁא בְּרִיךְ הוּא. וְכַד מָטָאת לְגַבֵּי אִלֵּין חֲבֵרִים, כֻּלְּהוּ נַטְלֵי לְהַהִיא צְלוֹתָא, וְאַזְלָן בַּהֲדָהּ עַד הֵיכָלָא רְבִיעָאָה, בְּהַהוּא פִּתְחָא. וְאִלֵּין מְשַׁבְּחִין בְּהַהוּא זִמְנָא דִּמְצַלָּאן צְלוֹתִין, וּמְקַדְּשֵׁי בְּהַהוּא זִמְנָא, אִלֵּין אִינּוּן דִּי מְמָנָן בִּימָמָא בְּהוּ בְּיִשְׂרָאֵל, לְמֶהֱוֵי עִמְּהוֹן חֲבֵרִים. (ס''א ולאו בליליא כאינון) וּבְלֵילְיָא, בְּאִינּוּן אַחֲרָנִין, דְּאַמְרֵי שִׁירָתָא בְּלֵילְיָא.
וְתָא חֲזֵי כְּתִיב, (משלי כח) גּוֹזֵל אָבִיו וְאִמּוֹ וְאוֹמֵר אֵין פָּשַׁע חָבֵר הוּא לְאִישׁ מַשְׁחִית. וְהָא אוֹקְמוּהָ, בְּגִין דְּמָנַע בִּרְכָאן דְקוּדְשָׁא בְּרִיךְ הוּא, דְּאִיהוּ אָבִיו. כְּמָה דִּכְתִּיב, (דברים לכ) שְׁאַל אָבִיךָ וְיַגֵּדְךָ. וּכְתִּיב (משלי כג) יִשְׂמַח אָבִיךָ. וְאוּקְמוּהָ.
חָבֵר הוּא לְאִישׁ מַשְׁחִית, מַאן אִישׁ מַשְׁחִית. דָּא אִיהוּ הַהוּא אִישׁ, דְּפָגִים לְסִיהֲרָא. וְאִקְרֵי (משלי טז) אִישׁ תַּהְפּוּכוֹת. (תהלים קמ) אִישׁ לָשׁוֹן. (בראשית כה) אִישׁ יוֹדֵעַ צַיִד אִישׁ שָׂדֶה. וְהַאי אִיהוּ אִישׁ מַשְׁחִית, דְּהַאי אִיהוּ מָנַע בִּרְכָאן מֵעָלְמָא. אוּף הָכִי, מַאן דְּמָנַע בִּרְכָאן מֵעָלְמָא, חָבֵר הוּא לְהַאי אִישׁ מַשְׁחִית כִּדְקַאמְרָן. וְדָא הוּא רָזָא, בְּגִין דְּאִצְטְרִיךְ לֵיהּ לְבַּר נָשׁ לְבָרְכָא לְּקוּדְשָׁא בְּרִיךְ הוּא, וּלְצַלָּאָה צְלוֹתָא כַּדְקָא יֵאוֹת. בְּגִין דְּיִתְבָּרַךְ שְׁמֵיהּ קַדִּישָׁא, וְיִתְחַבָּר בְּאִלֵּין חֲבֵרִין קַדִּישִׁין, וְלָא יִפְגוֹם צְלוֹתֵיהּ. בְּגִין דְּיִמְנַע בִּרְכָאן מֵעָלְמָא, וְיִתְחַבָּר בְּהַהוּא חָבֵר אִישׁ מַשְׁחִית דְּאִיהוּ מָנַע בִּרְכָאן מֵעָלְמָא, וְגָרִים מוֹתָא לְכֻלְּהוּ.
כְּתִיב (דברים יח) וְחוֹבֵר חָבֶר, מַאי וְחוֹבֵר חָבֶר. הַהוּא מַאן דְּאָזִיל בָּתַר סִטְרָא אַחֲרָא, וְחָרָשׁ חַרְשִׁין, אִיהוּ מָשִׁךְ עָלֵיהּ רוּחָא אַחֲרָא מְסַאֲבָא, וְאִתְחַבָּר בְּהַהוּא חַבְרוּתָא דְּהַהוּא חָבֵר רָע, וְשָׁאֲרִי בְּחַבְרוּתָא בַּהֲדֵיהּ, הַהוּא חָבֵר אִישׁ מַשְׁחִית. אֲמַאי אִקְרֵי חָבֵר. בְּגִין דִּבְשַׁעֲתָא דְּאִתְיְילִיד בַּר נָשׁ אִתְחַבָּר עִמֵּיהּ. וְתָדִיר קַיְימָא בַּהֲדֵיהּ חָבֵר. לְבָתַר, אִתְהַפָּךְ לֵיהּ חָבֵר, אִישׁ מַשְׁחִית.
וְהָכִי אִית בְּסִטְרָא דִּקְדוּשָּׁה, בְּסִטְרָא דִּימִינָא, חָבֵר טוֹב, דְּעָבִיד טִיבוּ עִמֵּיהּ דְּבַר נָשׁ בְּעָלְמָא דֵּין וּבְעָלְמָא דְּאָתֵי. וְאִלֵּין חֲבֵרִים קַיְימֵי תָּדִיר עָלֵיהּ דְּבַּר נָשׁ, בְּחַבְרוּתָא חֲדָא, לְשֵׁיזָבָא לֵיהּ, וּלְאַגָּנָא עָלֵיהּ, וּלְמֶהוֵי עִמֵּיהּ חֲבֵרִים, לְקַדְּשָׁא שְׁמָא דְּמָארֵיהוֹן, וּלְזַמְּרָא וּלְשַׁבְּחָא קַמֵּיהּ. תָּדִיר.",,דף רנ עמוד א | העמוד היומי בזוהר - פרשת פקודי | שיעור קצר,TRUE,TRUE,"דף רנ עמוד א | העמוד היומי בזוהר - פרשת פקודי | שיעור קצר
שיעור חדש- מוזמנים לצפות 
שאלות, הצעות, בקשות? כתבו לנו",FALSE,פרשת פקודי - דף רנ עמוד א,TRUE,*דף רנ עמוד א* העמוד היומי בזוהר - פרשת פקודי | שיעור קצר,FALSE,דף רנ עמוד א,TRUE,,
23/08/2026 13:25:02,השתלשלות סידור התפילה | ר' משה צבי וידר,אלהי נשמה,,,אלהי נשמה | השתלשלות סידור התפילה | ר' משה צבי וידר,TRUE,TRUE,"אלהי נשמה | השתלשלות סידור התפילה | ר' משה צבי וידר
שיעור חדש- מוזמנים לצפות 
שאלות, הצעות, בקשות? כתבו לנו",FALSE,אלהי נשמה,TRUE,*אלהי נשמה* השתלשלות סידור התפילה | ר' משה צבי וידר,FALSE,אלהי נשמה,TRUE,,
23/08/2026 17:51:10,העמוד היומי בזוהר - פרשת פקודי | שיעור קצר,דף רנ עמוד ב,"סוף ר""נ ע""א: ""מאילין נפקי ארבע סמכין"" - עד רנ""א ע""א: ""וליחדא יחודא כדקא יאות""",,דף רנ עמוד ב | העמוד היומי בזוהר - פרשת פקודי | שיעור קצר,TRUE,TRUE,"דף רנ עמוד ב | העמוד היומי בזוהר - פרשת פקודי | שיעור קצר
שיעור חדש- מוזמנים לצפות 
שאלות, הצעות, בקשות? כתבו לנו",FALSE,פרשת פקודי - דף רנ עמוד ב,TRUE,*דף רנ עמוד ב* העמוד היומי בזוהר - פרשת פקודי | שיעור קצר,FALSE,דף רנ עמוד ב,TRUE,,
24/08/2026 09:11:52,עִתִּים לַתּוֹרָה - השוואות במקרא | הרב דוד הורן,השוואות בין שמן לדברי תורה,,,השוואות בין שמן לדברי תורה | עִתִּים לַתּוֹרָה - השוואות במקרא | הרב דוד הורן,TRUE,TRUE,"השוואות בין שמן לדברי תורה | עִתִּים לַתּוֹרָה - השוואות במקרא | הרב דוד הורן
שיעור חדש- מוזמנים לצפות 
שאלות, הצעות, בקשות? כתבו לנו",FALSE,השוואות במקרא | הרב דוד הורן - השוואות בין שמן לדברי תורה,TRUE,*השוואות בין שמן לדברי תורה* עִתִּים לַתּוֹרָה - השוואות במקרא | הרב דוד הורן,FALSE,השוואות בין שמן לדברי תורה,TRUE,,
24/08/2026 09:47:36,עִתִּים לַתּוֹרָה - גאולה בפרשה | הרב מאור כהן,כי תבוא - ארמי אובד אבי-צא ולמד איך עוקרים הכל,,,כי תבוא - ארמי אובד אבי-צא ולמד איך עוקרים הכל | עִתִּים לַתּוֹרָה - גאולה בפרשה | הרב מאור כהן,TRUE,TRUE,"כי תבוא - ארמי אובד אבי-צא ולמד איך עוקרים הכל | עִתִּים לַתּוֹרָה - גאולה בפרשה | הרב מאור כהן
שיעור חדש- מוזמנים לצפות 
שאלות, הצעות, בקשות? כתבו לנו",FALSE,גאולה בפרשה | הרב מאור כהן - כי תבוא - ארמי אובד אבי-צא ולמד איך עוקרים הכל,TRUE,*כי תבוא - ארמי אובד אבי-צא ולמד איך עוקרים הכל* עִתִּים לַתּוֹרָה - גאולה בפרשה | הרב מאור כהן,FALSE,כי תבוא - ארמי אובד אבי-צא ולמד איך עוקרים הכל,TRUE,,
24/08/2026 10:33:52,"עִתִּים לַתּוֹרָה - עיונים ברש""י חומש שמות | הרב בן ציון שטרן","תפילין על היד החזקה - החסד שמות יג, טז",,,"תפילין על היד החזקה - החסד שמות יג, טז | עִתִּים לַתּוֹרָה - עיונים ברש""י חומש שמות | הרב בן ציון שטרן",TRUE,TRUE,"תפילין על היד החזקה - החסד שמות יג, טז | עִתִּים לַתּוֹרָה - עיונים ברש""י חומש שמות | הרב בן ציון שטרן
שיעור חדש- מוזמנים לצפות 
שאלות, הצעות, בקשות? כתבו לנו",FALSE,"עיונים ברש""י חומש שמות | הרב בן ציון שטרן - תפילין על היד החזקה - החסד שמות יג, טז",TRUE,"*תפילין על היד החזקה - החסד שמות יג, טז* עִתִּים לַתּוֹרָה - עיונים ברש""י חומש שמות | הרב בן ציון שטרן",FALSE,"תפילין על היד החזקה - החסד שמות יג, טז",TRUE,,
24/08/2026 10:36:09,עִתִּים לַתּוֹרָה - פרקים בגאולת ישראל | ר' גבריאל מלמד,"העונש לגויים-זכריה ט', א-ח",,,"העונש לגויים-זכריה ט', א-ח | עִתִּים לַתּוֹרָה - פרקים בגאולת ישראל | ר' גבריאל מלמד",TRUE,TRUE,"העונש לגויים-זכריה ט', א-ח | עִתִּים לַתּוֹרָה - פרקים בגאולת ישראל | ר' גבריאל מלמד
שיעור חדש- מוזמנים לצפות 
שאלות, הצעות, בקשות? כתבו לנו",FALSE,"פרקים בגאולת ישראל | ר' גבריאל מלמד - העונש לגויים-זכריה ט', א-ח",TRUE,"*העונש לגויים-זכריה ט', א-ח* עִתִּים לַתּוֹרָה - פרקים בגאולת ישראל | ר' גבריאל מלמד",FALSE,"העונש לגויים-זכריה ט', א-ח",TRUE,,
24/08/2026 12:19:48,עִתִּים לַתּוֹרָה - הלכות שבת ומועד | הרב מיכאל אזרד,סימן תקפא - הלכות חודש אלול,,,סימן תקפא - הלכות חודש אלול | עִתִּים לַתּוֹרָה - הלכות שבת ומועד | הרב מיכאל אזרד,TRUE,TRUE,"סימן תקפא - הלכות חודש אלול | עִתִּים לַתּוֹרָה - הלכות שבת ומועד | הרב מיכאל אזרד
שיעור חדש- מוזמנים לצפות 
שאלות, הצעות, בקשות? כתבו לנו",FALSE,הלכות שבת ומועד | הרב מיכאל אזרד - סימן תקפא - הלכות חודש אלול,TRUE,*סימן תקפא - הלכות חודש אלול* עִתִּים לַתּוֹרָה - הלכות שבת ומועד | הרב מיכאל אזרד,FALSE,סימן תקפא - הלכות חודש אלול,TRUE,,
24/08/2026 15:20:17,"תנ""ך - ספר תהלים | הרב אלעזר אהרנסון",מזמור ה - מה נותן כוח מול האויבים?,תהלים פרק ה (א) לַמְנַצֵּ֥חַ אֶֽל־הַנְּחִיל֗וֹת מִזְמ֥וֹר לְדָוִֽד: (ב) אֲמָרַ֖י הַאֲזִ֥ינָה׀ יְקֹוָ֗ק בִּ֣ינָה הֲגִיגִֽי: (ג) הַקְשִׁ֤יבָה׀ לְק֬וֹל שַׁוְעִ֗י מַלְכִּ֥י וֵאלֹהָ֑י כִּֽי־אֵ֝לֶ֗יךָ אֶתְפַּלָּֽל: (ד) יְֽקֹוָ֗ק בֹּ֖קֶר תִּשְׁמַ֣ע קוֹלִ֑י בֹּ֥קֶר אֶֽעֱרָךְ־לְ֝ךָ֗ וַאֲצַפֶּֽה: (ה) כִּ֤י׀ לֹ֤א אֵֽל־חָפֵ֮ץ רֶ֥שַׁע׀ אָ֑תָּה לֹ֖א יְגֻרְךָ֣ רָֽע: (ו) לֹֽא־יִתְיַצְּב֣וּ הֽ֭וֹלְלִים לְנֶ֣גֶד עֵינֶ֑יךָ שָׂ֝נֵ֗אתָ כָּל־פֹּ֥עֲלֵי אָֽוֶן: (ז) תְּאַבֵּד֘ דֹּבְרֵ֪י כָ֫זָ֥ב אִישׁ־דָּמִ֥ים וּמִרְמָ֗ה יְתָ֮עֵ֥ב׀ יְקֹוָֽק: (ח) וַאֲנִ֗י בְּרֹ֣ב חַ֭סְדְּךָ אָב֣וֹא בֵיתֶ֑ךָ אֶשְׁתַּחֲוֶ֥ה אֶל־הֵֽיכַל־קָ֝דְשְׁךָ֗ בְּיִרְאָתֶֽךָ: (ט) יְקֹוָ֤ק׀ נְחֵ֬נִי בְצִדְקָתֶ֗ךָ לְמַ֥עַן שׁוֹרְרָ֑י הושר הַיְשַׁ֖ר לְפָנַ֣י דַּרְכֶּֽךָ: (י) כִּ֤י אֵ֪ין בְּפִ֡יהוּ נְכוֹנָה֘ קִרְבָּ֪ם הַ֫וּ֥וֹת קֶֽבֶר־פָּת֥וּחַ גְּרוֹנָ֑ם לְ֝שׁוֹנָ֗ם יַחֲלִֽיקוּן: (יא) הַֽאֲשִׁימֵ֨ם׀ אֱֽלֹהִ֗ים יִפְּלוּ֘ מִֽמֹּעֲצ֪וֹתֵ֫יהֶ֥ם בְּרֹ֣ב פִּ֭שְׁעֵיהֶם הַדִּיחֵ֑מוֹ כִּי־מָ֥רוּ בָֽךְ: (יב) וְיִשְׂמְח֨וּ כָל־ח֢וֹסֵי בָ֡ךְ לְעוֹלָ֣ם יְ֭רַנֵּנוּ וְתָסֵ֣ךְ עָלֵ֑ימוֹ וְֽיַעְלְצ֥וּ בְ֝ךָ֗ אֹהֲבֵ֥י שְׁמֶֽךָ: (יג) כִּֽי־אַתָּה֘ תְּבָרֵ֪ךְ צַ֫דִּ֥יק יְקֹוָ֑ק כַּ֝צִּנָּ֗ה רָצ֥וֹן תַּעְטְרֶֽנּוּ: ,,"מזמור ה - מה נותן כוח מול האויבים? | תנ""ך - ספר תהלים | הרב אלעזר אהרנסון",TRUE,TRUE,"מזמור ה - מה נותן כוח מול האויבים? | תנ""ך - ספר תהלים | הרב אלעזר אהרנסון
שיעור חדש- מוזמנים לצפות 
שאלות, הצעות, בקשות? כתבו לנו",FALSE,מזמור ה - מה נותן כוח מול האויבים?,TRUE,"*מזמור ה - מה נותן כוח מול האויבים?* תנ""ך - ספר תהלים | הרב אלעזר אהרנסון",FALSE,מזמור ה - מה נותן כוח מול האויבים?,TRUE,,
24/08/2026 15:21:27,"תנ""ך - ספר תהלים | הרב אלעזר אהרנסון","מזמור ו - תחנון בשעת מחלה, להנצל מעל לטבע",תהלים פרק ו (א) לַמְנַצֵּ֣חַ בִּ֭נְגִינוֹת עַֽל־הַשְּׁמִינִ֗ית מִזְמ֥וֹר לְדָוִֽד: (ב) יְֽקֹוָ֗ק אַל־בְּאַפְּךָ֥ תוֹכִיחֵ֑נִי וְֽאַל־בַּחֲמָתְךָ֥ תְיַסְּרֵֽנִי: (ג) חָנֵּ֥נִי יְקֹוָק֘ כִּ֤י אֻמְלַ֫ל אָ֥נִי רְפָאֵ֥נִי יְקֹוָ֑ק כִּ֖י נִבְהֲל֣וּ עֲצָמָֽי: (ד) וְ֭נַפְשִׁי נִבְהֲלָ֣ה מְאֹ֑ד ואת וְאַתָּ֥ה יְ֝קֹוָ֗ק עַד־מָתָֽי: (ה) שׁוּבָ֣ה יְ֭קֹוָק חַלְּצָ֣ה נַפְשִׁ֑י ה֝וֹשִׁיעֵ֗נִי לְמַ֣עַן חַסְדֶּֽךָ: (ו) כִּ֤י אֵ֣ין בַּמָּ֣וֶת זִכְרֶ֑ךָ בִּ֝שְׁא֗וֹל מִ֣י יֽוֹדֶה־לָּֽךְ: (ז) יָגַ֤עְתִּי׀ בְּֽאַנְחָתִ֗י אַשְׂחֶ֣ה בְכָל־לַ֭יְלָה מִטָּתִ֑י בְּ֝דִמְעָתִ֗י עַרְשִׂ֥י אַמְסֶֽה: (ח) עָֽשְׁשָׁ֣ה מִכַּ֣עַס עֵינִ֑י עָֽ֝תְקָ֗ה בְּכָל־צוֹרְרָֽי: (ט) ס֣וּרוּ מִ֭מֶּנִּי כָּל־פֹּ֣עֲלֵי אָ֑וֶן כִּֽי־שָׁמַ֥ע יְ֝קֹוָ֗ק ק֣וֹל בִּכְיִֽי: (י) שָׁמַ֣ע יְ֭קֹוָק תְּחִנָּתִ֑י יְ֝קֹוָ֗ק תְּֽפִלָּתִ֥י יִקָּֽח: (יא) יֵבֹ֤שׁוּ׀ וְיִבָּהֲל֣וּ מְ֭אֹד כָּל־אֹיְבָ֑י יָ֝שֻׁ֗בוּ יֵבֹ֥שׁוּ רָֽגַע: ,,"מזמור ו - תחנון בשעת מחלה, להנצל מעל לטבע | תנ""ך - ספר תהלים | הרב אלעזר אהרנסון",TRUE,TRUE,"מזמור ו - תחנון בשעת מחלה, להנצל מעל לטבע | תנ""ך - ספר תהלים | הרב אלעזר אהרנסון
שיעור חדש- מוזמנים לצפות 
שאלות, הצעות, בקשות? כתבו לנו",FALSE,"מזמור ו - תחנון בשעת מחלה, להנצל מעל לטבע",TRUE,"*מזמור ו - תחנון בשעת מחלה, להנצל מעל לטבע* תנ""ך - ספר תהלים | הרב אלעזר אהרנסון",FALSE,"מזמור ו - תחנון בשעת מחלה, להנצל מעל לטבע",TRUE,,
24/08/2026 17:26:08,שיעור עיון בזוהר - פרשת יתרו | הרב יהושע ויצמן,דף פב עמוד ב #2 - ריפוי המומים במתן תורה,"פב ע""ב: ""אמר רבי יוסי"" - עד: ""דקודשא בריך הוא הוי""",https://drive.google.com/file/d/1Lrf7oS28YTlLhZ_PkHyUG3Ro74cCxsGg/preview,דף פב עמוד ב #2 - ריפוי המומים במתן תורה | שיעור עיון בזוהר - פרשת יתרו | הרב יהושע ויצמן,TRUE,TRUE,"דף פב עמוד ב #2 - ריפוי המומים במתן תורה | שיעור עיון בזוהר - פרשת יתרו | הרב יהושע ויצמן
שיעור חדש- מוזמנים לצפות 
שאלות, הצעות, בקשות? כתבו לנו",FALSE,פרשת יתרו - דף פב עמוד ב #2 - ריפוי המומים במתן תורה,TRUE,*דף פב עמוד ב #2 - ריפוי המומים במתן תורה* שיעור עיון בזוהר - פרשת יתרו | הרב יהושע ויצמן,FALSE,דף פב עמוד ב #2 - ריפוי המומים במתן תורה,TRUE,,
24/08/2026 18:17:51,העמוד היומי בזוהר - פרשת פקודי | שיעור קצר,דף רנא עמוד א,"רנא ע""א: ""אלין חלונות ואלין חרכים"" - עד: ""הן לטב הן לביש הכא איהו""",,דף רנא עמוד א | העמוד היומי בזוהר - פרשת פקודי | שיעור קצר,TRUE,TRUE,"דף רנא עמוד א | העמוד היומי בזוהר - פרשת פקודי | שיעור קצר
שיעור חדש- מוזמנים לצפות 
שאלות, הצעות, בקשות? כתבו לנו",FALSE,פרשת פקודי - דף רנא עמוד א,TRUE,*דף רנא עמוד א* העמוד היומי בזוהר - פרשת פקודי | שיעור קצר,FALSE,דף רנא עמוד א,TRUE,,
24/08/2026 22:47:01,העמוד היומי בזוהר - פרשת פקודי | שיעור קצר,דף רנא עמוד ב,"דף רנ''א ע''ב רוּחָא דָּא, דְּאִיהוּ זְכוּת אֵ''ל כִּדְקַאמְרָן, בֵּיהּ רְשִׁימִין תְּלַת אַתְוָון, דְּמִתְדַּבְּקָן בֵּיהּ מִלְּעֵילָּא, דְּאִינּוּן יה''ו. וְהָא אוֹקִימְנָא דְּכַד אִלֵּין אַתְוָון מִתְדַּבְּקָאן בְּהַאי אֲתָר, (דף רנ''א ע''ב) דְּאִתְדַבְּקוּתָא דִּדְכוּרָא בְּנוּקְבָּא. כְּדֵין אִתְרְשִׁימוּ בְּהַאי רוּחָא, אִינּוּן אַתְוָון. וְהָכָא אָמַר דָּוִד, (תהלים צד) וֵאלֹהַי לְצוּר מַחְסִי. רָזָא דְּרוּחָא דָּא דְּאִקְרֵי אֵ''ל וְרָזָא דְּאִינּוּן אַתְוָון דִּרְשִׁימִין בֵּיהּ, דְּאִקְרוּן יה''ו, אִלֵּין תְּלַת סִטְרִין דִּנְהוֹרִין דְּקָאָמַרָן. אִינּוּן תְּלַת בָּתֵי דִּינִין, דְּמִתְפַּלְּגֵי בְּדִינִין אַחֲרָנִין, בְּמִילֵּי דְּעָלְמָא, בְּעוּתְרָא, בְּמִסְכְּנוּ, בְּמַרְעִין, בִּשְׁלִימוּ, דְּאִינּוּן אַרְבַּע הֵיכָלִין דְּאִינּוּן מְתַקְּנָן לְכָל אִינּוּן אַחֲרָנִין, תְּרִין הֵיכָלִין לְאִלֵּין תְּרֵי סִטְרֵי נְהוֹרִין אַחֲרָנִין, וְחַד הֵיכָלָא לְכָל אִינּוּן מָארֵי דְּעַיְינִין, דְּעַבְדֵי חוּשְׁבָנָא מִכָל עוֹבָדִין דְּעָלְמָא. וְחַד הֵיכָלָא, לְסוֹפְרִין אַחֲרָנִין, דִּי תְּחוֹת אִלֵּין קַדְמָאֵי פְּנִימָאֵי. אִלֵּין אַרְבַּע הֵיכָלִין, כְּלִילָן בְּהֵיכָלָא דָּא, דְּאִקְרֵי עַל שְׁמָא דְּהַאי רוּחָא זְכוּתָא, כִּדְקַאמְרָן. בְּכָל פִּתְחָא וּפִתְחָא דְּאִלֵּין הֵיכָלִין, אִית מְמָנָא חַד, בְּפִתְחָא קַדְמָאָה אִית מְמָנָא חֲדָא, דִּשְׁמֵיהּ אִקְרֵי גַּזְרִיאֵ''ל. (לפתחא קדמאה דשמיה דכלא סנסני''ה דמינה נטיל) הַאי מְמָנָא אַחֲרָא, הַהוּא מְמָנָא אִיהוּ לְגַלָּאָה דִּינִין, דְּאִתְדָּנוּ וְאִתְגְּזָרוּ לְהַהוּא מְמָנָא קַדְמָאָה, דִּשְׁמֵיהּ סַנְסָנִיָּ''הּ דְּמִנֵּיהּ נָטִיל הַאי מְמָנָא אַחֲרָא, דְּקַיְּימָא עַל הֵיכָלָא דְּסִטְרָא אַחֲרָא, וְקַיְּימָא עַל אַסְכָּרָה דְּרַבְיֵי, כִּדְקַאמְרָן. וְהַאי מְמָנָא גַּזְרִיאֵ''ל, נָטִיל מִלָּה דְּבֵי דִּינָא פְּנִימָאָה. דְּכֹלָּא, אִתְגְזַר תַּמָּן, וּכְדֵין אוֹדִיעַ מִלָּה לְהַאי מְמָנָא דִּלְבַר, וְכָל אִינּוּן כָּרוֹזֵי מַכְרְזֵי וְאַמְרֵי בְּכָל רְקִיעִין, כַּךְ וְכַךְ אִתְגְּזַר מִבֵּי מַלְכָּא, עַד דְּנַטְלֵי הַהִיא מִלָּה בְּהֵיכָלָא דִּלְתַתָּא, וּמִתַּמָּן נַפְקֵי וּמַכְרְזֵי מִלָּה, עַד דְּאִשְׁתְּמַע בְּכֻלְּהוּ רְקִיעִין תַּתָאִין, וְנַחְתֵּי וְאוֹדְעֵי מִלָּה, לְכֻלְּהוּ דִּלְתַתָּא. וְנַטְלֵי מִלָּה כֻּלְּהוּ תַּתָּאִין, מִדַרְגָא לְדַרְגָא, אֲפִילּוּ צִפֳּרֵי שְׁמַיָא, וְעוֹפֵי דְּאַרְעָא, כֻּלְּהוּ נַטְלֵי מִלָּה, וְאוֹדְעֵי לָהּ בְּעָלְמָא. עַד דְּנַטְלֵי מִלָּה כָּל אִינּוּן גַּרְדִּינֵי נִימוּסִין, וְאַחְזְיָין בְּחֶלְמָא לִבְנֵי נָשָׁא, וְאַתְיָא הַהִיא מִלָּה לִזְמַן קָרִיב. וּלְזִמְנִין דְּהַהִיא מִלָּה דְּאִצְטְרִיכָא לְמַלְכֵי אַרְעָא, דְּאִינּוּן מְמָנָן לְאַתְזְנָא, וּלְדַבְּרָא עַמִין. דְּאוֹדְעִין הַהִיא מִלָּה עַד רְקִיעָא דְּשִׁמְשָׁא דִּלְתַתָּא, וְקַיְּימָא תַּמָּן. עַד דְּאִינּוּן מְמָנָן שִׁמְשָׁא, דְּאִתְמָנוּן עַל שִׁמְשָׁא, נַטְלֵי הַהִיא מִלָּה, וְאוֹדְעֵי לָהּ לְאִינּוּן מְמָנָן עִלָּאִין דִּי בְּסִטְרָא אַחֲרָא, וְאִינּוּן מוֹדִעִין הַהִיא מִלָּה לְמַלְכֵי אַרְעָא, דְּאִינּוּן בְּסִטְרָא דִּלְהוֹן. וְכַד הֲווֹ נְבִיאִים בְּהוּ בְּיִשְׂרָאֵל, הֲווֹ נַטְלִין נְבוּאָה דִּלְהוֹן, מִתְּרֵין עַמּוּדִין עִלָּאִין דְּאוֹרַיְיתָא סָמִיךְ עָלַיְיהוּ. לְבָתַר דְּאִסְתָּלָקוּ נְבִיאִים מֵעָלְמָא, וְאָתוּ מָארֵי דְּמַרְאֶה, וּמָארֵי דְּחֶלְמָא, נַטְלֵי מִלָּה מֵאַתְרֵיהּ כִּדְקָאָמְרָן. וְכַד מַלְכֵי הֲווֹ בֵּינַיְיהוּ דְּיִשְׂרָאֵל, וּנְבִיאִים אִסְתָּלָקוּ, וּמָארֵי דְּחֶלְמָא וּמַרְאֶה לָא אִשְׁתְּכָחוּ, אוֹדְעִין מִלָּה לְאִינּוּן מַלְכִין, מֵהַאי פִּתְחָא כִּדְקָאָמְרָן. וְאִי תֵּימָא הֵיךְ נָטִיל מִלָּה מֵהַאי אֲתָר. תָּא חֲזֵי, כָּל דַּרְגָא וְדַרְגָּא, וְכָל פִּתְחָא וּפִתְחָא, כֻּלְּהוּ אִית לוֹן לְבַר, מְמָנָן יְדִיעָן, דְּאִתְמָנוּן (בסטרא דלהון) בְּכָל אִינּוּן רְקִיעִין, עַד דְּנַחְתֵי לְתַתָּא בִּרְקִיעִין תַּתָּאִין וְאוֹדְעִין מִלָּה לְאִינּוּן דְּאִצְטְרִיךְ בְּגִין דְּהָא מֵאִלֵּין הֵיכָלִין דְּאִינּוּן סִטְרָא דִּקְדוּשָּׁה וְרָזָא דִּמְהֵימְנוּתָא, אִתְפְּרָשׁוּ דַּרְגִּין לְתַתָּא, כֻּלְּהוּ בְּרָזָא דִּמְהֵימְנוּתָא, וְנַחְתּוּ דַּרְגִּין עַל דַּרְגִּין, עַד דְּפַרְחִין מֵהַאי עָלְמָא, וְאִתְמְנוּן בֵּיהּ. מִנְּהוֹן, לְנַטְרָא בְּנֵי נָשָׁא מִסִּטְרָא אַחֲרָא, וּמִנְּזִיקֵי עָלְמָא, וּבְאִינּוּן אָרְחֵי דְּקָא אָזְלֵי. וּמִנְּהוֹן, לְסַיְּיעָא לִבְנֵי נָשָׁא, כַּד אָתָאן לְאִתְדַּכְאָה. וּמִנְּהוֹן, לְמֶעְבַּד אָתִין וְנִסִּין בְּעָלְמָא. וּמִנְּהוֹן דְּקַיְימֵי לְאַשְׁגָחָא בְּעוֹבָדִין דִּבְנֵי נָשָׁא, לְמִסְהַד סַהֲדוּתָא. וְכֵן (בגוונא דא) מִתְפָּרְשִׁין כַּמָה דַּרְגִּין לְסִטְרַיְיהוּ, וְכֻלְּהוּ בְּרָזָא דִּמְהֵימְנוּתָא עִלָּאָה, בִּקְדוּשָּׁה עִלָּאָה.  דף רנ''ב ע''א כְּגַוְונָא דָּא בְּסִטְרָא אַחֲרָא, סִטְרָא מְסַאֲבָא, מִתְפָּרְשִׁין דַּרְגִּין מֵאִינּוּן הֵיכָלִין לְתַתָּא, כֻּלְּהוּ דַּרְגִּין לְאַבְאָשָׁא, וּלְאַסְטָאָה עָלְמָא: מִנְּהוֹן, קַיְימֵי לְאַסְטָאָה בְּנִי נָשָׁא, מֵאֹרַח טַב לְאֹרַח בִּישָׁא. וּמִנְּהוֹן קַיְימֵי לְסָאֲבָא בְּנִי (דף רנ''ב ע''א) נָשָׁא, לְאִינּוּן דְּאָתוּ לְאִסְתַּאֲבָא, כְּמָה דְּתָנֵינָן, אָתָא בַּר נָשׁ לְאִסְתַּאֲבָא, מְסָאֲבִין לֵיהּ בְּהַאי עָלְמָא, וּמְסָאֲבִין לֵיהּ בְּהַהוּא עָלְמָא, וְאִינּוּן אִקְרוּ צוֹאָה רוֹתַחַת. כְּמָה דְאַתְּ אָמֵר (ישעיה ל) צֵא תֹּאמַר לוֹ. וְאִינּוּן דַּרְגִּין דְּקַיְימָן לְסָאֲבָא יַתִיר, וּבְגִין כַּךְ, אִלֵּין תָּדִיר לָקֳבֵל אִלֵּין, וְכֹלָּא אִיהוּ בְּדַרְגִּין יְדִיעָאן כַּדְקָא חֲזֵי.",,דף רנא עמוד ב | העמוד היומי בזוהר - פרשת פקודי | שיעור קצר,TRUE,TRUE,"דף רנא עמוד ב | העמוד היומי בזוהר - פרשת פקודי | שיעור קצר
שיעור חדש- מוזמנים לצפות 
שאלות, הצעות, בקשות? כתבו לנו",FALSE,פרשת פקודי - דף רנא עמוד ב,TRUE,*דף רנא עמוד ב* העמוד היומי בזוהר - פרשת פקודי | שיעור קצר,FALSE,דף רנא עמוד ב,TRUE,,
25/08/2026 08:45:40,העמוד היומי בזוהר - פרשת פקודי | שיעור קצר,דף רנב עמוד א,"פִּתְחָא תִּנְיָינָא. בְּהַאי פִּתְחָא אִית מְמָנָא, דַּהֲרִיאֵ''ל שְׁמֵיהּ. וְאִיהוּ לִסְטַר יְמִינָא, וְהַאי אִיהוּ מְמָנָא, לְאַעֲלָא כָּל זְכוּתִין דְּזָכוּ בְּהוּ בְּנֵי נָשָׁא, בְּגִין דְּיִתְדָּן בַּר נָשׁ לְטָב עָלַיְיהוּ כַּד אִתְּדָן לְטָב, וְאִינּוּן זַכְיָין קַיְימָן סַגִיאָן עַל חוֹבֵי בְּנֵי נָשָׁא, כְּדֵין הַאי מְמָנָא, פָּקִיד עַל אַגְרָא וְחוּלָקָא דְּאִינּוּן זַכְיָין וְאַגְרָן לְטָב. וְאַפִּיק הַהוּא דִּינָא, וּמָנֵי לֵיהּ לְהַהוּא מְמָנָא, דְּאִקְרֵי פְּדָיאֵ''ל, דִּי בְּהֵיכָלָא תְּלִיתָאָה. וּכְדֵין אֲמַר לֵיהּ, (איוב לג) פְּדָעֵהוּ מֵרֶדֶת שַׁחַת. בְּגִין דְּכַד בַּר נָשׁ קָאִים בְּבֵי מַרְעֵיהּ, וְאִתְפַּס בִּתְפִיסוּ דְּמַלְכָּא, כְּדֵין אִתְדָּן בַּר נָשׁ. וְכָל זְכוּ וְכָל חוֹבָה דְּעֲבַד בְּהַאי עָלְמָא, כֹּלָּא עָאל בְּהַאי הֵיכָלָא לְאִתְדְּנָא. וְכַד אִתְדָּן לְטָב, בְּהַאי פִּתְחָא נָפַק דִּינֵיהּ לְטָב, לִימִינָא דְּהַאי מְמָנָא דַּהֲרִיאֵ''ל, דְּקַיְּימָא בֵּיהּ, וְאוֹדְעִין דִּינִיהּ לְטָב, עַד דְּאִשְׁתְּזִיב. וְנַחְתָּא הַהוּא דִּינָא, בְּכָל אִינּוּן מְמָנָן, דַּרְגִּין דְּאִשְׁתְּמוֹדָעוּ לְטָב לְתַתָא, כֻּלְּהוּ דַּרְגִין עַל דַּרְגִין, וְכֹלָּא, בֵּין לְטָב בֵּין לְבִישׁ, מִבֵּי מַלְכָּא אִתְדָּן הַהוּא בַּר נָשׁ. פִּתְחָא תְּלִיתָאָה. בְּהַאי פִּתְחָא אִית מְמָנָא חַד, גַּדִיאֵ''ל שְׁמֵיהּ. וְאִיהוּ לִסְטַר שְׂמָאלָא, וְהַאי אִיהוּ מְמָנָא, לְאַעֲלָא (ס''א לאתקלא) כָּל חוֹבִין וְכָל בִּישִׁין, דְּבַּר נָשׁ אַסְטֵי אֲבַתְרַיְיהוּ בְּהַאי עָלְמָא. וְנָחִית לוֹן גּוֹ מַתְקְלָא לְאַתְקְלָא, בְּאִינּוּן זַכְיָין דְּעָאלוּ בִּידָא דְּהַהוּא מְמָנָא אַחֲרָא דְּקָאָמַרָן. וְהַהוּא מַתְקְלָא קַיְּימָא גּוֹ פִּתְחָא רְבִיעָאָה, וְתַמָּן אִתְקָלוּ זַכְיָין וְחוֹבִין כַּחֲדָא. מַאן דְּנָצַח מִנַּיְיהוּ, הָכִי אִית לֵיהּ מְמָנָן בְּהַהוּא סִטְרָא. אִי נַצְחָן זַכְיָין, כַּמָה מְמָנָן אִית בִּסְטַר דִּימִינָא, וְנַטְלֵי הַהוּא דִּינָא, וּמַעֲבִרִין בִּישִׁין וּמַרְעִין מֵהַהוּא בַּר נָשׁ, עַד דְּאִשְׁתְּזִיב. אִי נַצְחָן חוֹבִין, כַּמָה מְמָנָן אִית לֵיהּ בְּהַהוּא סִטְרָא דִּשְׂמָאלָא, עַד דְּנַטְלֵי מִלָּה הַהוּא סִטְרָא אַחֲרָא, וְכָל אִינּוּן גַּרְדִּינִי נִמּוּסִין, עַד דְּאִתְרַע מַזָּלֵיהּ. וּכְדֵין נַחְתָּא הַהוּא סִטְרָא אַחֲרָא, וְנָטִיל נִשְׁמְתָא. זַכָּאָה חוּלָקֵיהוֹן דְּצַדִּיקַיָּיא בְּעָלְמָא דֵּין וּבְעָלְמָא דְּאָתֵי. פִּתְחָא רְבִיעָאָה. בְּהַאי פִּתְחָא, קַיְּימָא חַד מְמָנָא, ואזני''ה (ס''א מאזני''ה) שְׁמֵיהּ. וְהַאי אִיהוּ מַתְקְלָא, דְּנַטְלָא (ס''א דתקיל) זַכְיָין וְחוֹבִין, וּבֵיהּ אִתְּקָלוּ כֻּלְּהוּ כַּחֲדָא. וְדָא אִקְרֵי (רנ''ה ע''א) מֹאזְנֵי צֶדֶק. כְּדִכְתִיב (ויקרא יט) מֹאזְנִי צֶדֶק. בְּהַאי אִתְּקָלוּ כֻּלְּהוּ לְאִתְּדְּנָא. תְּחוֹת הַאי מְמָנָא, אִית תְּרֵין מְמָנָן, חַד לִימִינָא וְחַד לִשְׂמָאלָא. חַד לִימִינָא, הֲרִיאֵ''ל שְׁמֵיהּ. חַד לִשְׂמָאלָא, גְּדוּדִיאֵ''ל שְׁמֵיהּ. וְכַד אִתְּקָלוּ זַכְיָין וְחוֹבִין, דָּא אַכְרַע לִסְטַר יְמִינָא, וְדָא אַכְרַע לִסְטַר שְׂמָאלָא. וְכֻלְּהוּ אִתְכְּלִילוּ בְּהַאי רוּחָא דְּאִקְרֵי זְכוּ''ת אֵל. וְכַד אִתְכְּלִילָן כֻּלְּהוּ בֵּיהּ, אַפִּיק (ס''א חד) חֵיוָתָא, קַדִּישָׁא, וְהַאי חֵיוָתָא מְלָהֲטָא, וְאִקְרֵי שְׁמֵיהּ, תּוּמִיאֵ''ל. הַאי חֵיוָתָא, אִיהִי חֵיוָתָא דְּקַיְּימָא לְאַשְׁגָּחָא בְּעָלְמָא, בְּאִינּוּן עֵינִי יְיָ', דְּאַזְלָן וְשָׁטָאן בְּעָלְמָא. וְאִינּוּן עֵינֵי יְיָ', כֻּלְּהוּ נַטְלוּ אַשְׁגָּחוּתָא, מֵאִינּוּן עוֹבָדִין טָבִין דְּאִתְעָבֵידוּ בִּטְמִירוּ, וּלְאַשְׁגָּחָא בְּאִינּוּן עוֹבָדִין דְּאִינּוּן בִּשְׁלִימוּ דְּלִבָּא, וְאַף עַל גַּב דְּלָא אִתְעָבִידוּ כַּדְקָא יֵאוֹת. הַאי חֵיוָתָא אִיהִי קַיְּימָא בְּאַשְׁגָּחוּתָא דִּצְלוֹתִין. בְּגִין דְּאִינּוּן שְׁאֶלְתִּין דְּשָׁאֲלֵי בְּנִי נָשָׁא בִּצְלוֹתֵהוֹן, כֻּלְּהוּ קַיְימֵי בִּידָא דְּהַאי חֵיוָתָא, וְאָנַח לְהוּ בְּהַאי הֵיכָלָא, וְקַיְימִין אִינּוּן שְׁאֶלְתִּין בְּהַאי הֵיכָלָא עַד אַרְבְּעִין יוֹמִין, לְאַשְׁגָּחָא בְּהוּ.  דף רנ''ב ע''ב דְּהָא (בסוף ארבעין יומין) בְּכָל אַרְבְּעִין וְאַרְבְּעִין, נָפְקָא הַאי חֵיוָתָא, וְנָטִיל לְכָל אִינּוּן שְׁאֶלְתִּין, וְאָנַח לוֹן קָמַיְיהוּ דְּאִינּוּן שִׁבְעִין וּתְרֵין נְהוֹרִין, וְדַיְינִין לוֹן. וּכְדֵין הַאי רוּחָא דְּאִקְרֵי זְכוּ''ת אֵל, (דף רנ''ב ע''ב) מְעַיֵּין בְּהוּ, אִי זָכֵי אִי לָא זָכֵי. אִי זָכֵי, נָפְקָא הַאי צְלוֹתָא, וּמִתְגַּלְגְּלָא הַאי שְׁאֶלְתָּא, וְנָפְקָן עִמָּהּ תְּרֵיסָר מְמָנָן, וְכָל חַד וְחַד תַּבְעִין מֵעִם הַהוּא רוּחָא, קִיוּמָא בְּהַאי שְׁאֶלְתָּא, וְאִתְקַיְּימָא בְּהוּ.",,דף רנב עמוד א | העמוד היומי בזוהר - פרשת פקודי | שיעור קצר,TRUE,TRUE,"דף רנב עמוד א | העמוד היומי בזוהר - פרשת פקודי | שיעור קצר
שיעור חדש- מוזמנים לצפות 
שאלות, הצעות, בקשות? כתבו לנו",FALSE,פרשת פקודי - דף רנב עמוד א,TRUE,*דף רנב עמוד א* העמוד היומי בזוהר - פרשת פקודי | שיעור קצר,FALSE,דף רנב עמוד א,TRUE,,
25/08/2026 12:25:17,שיעורים קצרים לדרך - פינת ההלכה | הרב מיכאל אזרד,האם צריך לבדוק תפילין ומזוזות בחודש אלול?,,,האם צריך לבדוק תפילין ומזוזות בחודש אלול? | שיעורים קצרים לדרך - פינת ההלכה | הרב מיכאל אזרד,TRUE,TRUE,"האם צריך לבדוק תפילין ומזוזות בחודש אלול? | שיעורים קצרים לדרך - פינת ההלכה | הרב מיכאל אזרד
שיעור חדש- מוזמנים לצפות 
שאלות, הצעות, בקשות? כתבו לנו",TRUE,האם צריך לבדוק תפילין ומזוזות בחודש אלול?,TRUE,*האם צריך לבדוק תפילין ומזוזות בחודש אלול?* שיעורים קצרים לדרך - פינת ההלכה | הרב מיכאל אזרד,TRUE,האם צריך לבדוק תפילין ומזוזות בחודש אלול?,TRUE,,
25/08/2026 13:25:24,שם משמואל | הרב מרדכי פרומר,כי תבוא - לעבוד בשמחה ,,,כי תבוא - לעבוד בשמחה  | שם משמואל | הרב מרדכי פרומר,TRUE,TRUE,"כי תבוא - לעבוד בשמחה  | שם משמואל | הרב מרדכי פרומר
שיעור חדש- מוזמנים לצפות 
שאלות, הצעות, בקשות? כתבו לנו",FALSE,כי תבוא - לעבוד בשמחה ,FALSE,*כי תבוא - לעבוד בשמחה * שם משמואל | הרב מרדכי פרומר,FALSE,כי תבוא - לעבוד בשמחה ,TRUE,,
25/08/2026 13:34:31,שיעור כללי | הרב יהושע ויצמן, איסור אכילה ביום הכיפורים,,, איסור אכילה ביום הכיפורים | שיעור כללי | הרב יהושע ויצמן,TRUE,TRUE," איסור אכילה ביום הכיפורים | שיעור כללי | הרב יהושע ויצמן
שיעור חדש- מוזמנים לצפות 
שאלות, הצעות, בקשות? כתבו לנו",FALSE, איסור אכילה ביום הכיפורים,TRUE,* איסור אכילה ביום הכיפורים* שיעור כללי | הרב יהושע ויצמן,FALSE, איסור אכילה ביום הכיפורים,TRUE,,
25/08/2026 15:06:44,"תנ""ך - ספר תהלים | הרב אלעזר אהרנסון",מזמור ז - מיהו כוש בן ימיני ומדוע דוד כל כך רוצה שתחול מידת הדין?,תהלים פרק ז (א) שִׁגָּי֗וֹן לְדָ֫וִ֥ד אֲשֶׁר־שָׁ֥ר לַיקֹוָ֑ק עַל־דִּבְרֵי־כ֝֗וּשׁ בֶּן־יְמִינִֽי: (ב) יְקֹוָ֣ק אֱ֭לֹהַי בְּךָ֣ חָסִ֑יתִי הוֹשִׁיעֵ֥נִי מִכָּל־רֹ֝דְפַ֗י וְהַצִּילֵֽנִי: (ג) פֶּן־יִטְרֹ֣ף כְּאַרְיֵ֣ה נַפְשִׁ֑י פֹּ֝רֵ֗ק וְאֵ֣ין מַצִּֽיל: (ד) יְקֹוָ֣ק אֱ֭לֹהַי אִם־עָשִׂ֣יתִי זֹ֑את אִֽם־יֶשׁ־עָ֥וֶל בְּכַפָּֽי: (ה) אִם־גָּ֭מַלְתִּי שֽׁוֹלְמִ֥י רָ֑ע וָאֲחַלְּצָ֖ה צוֹרְרִ֣י רֵיקָֽם: (ו) יִ֥רַדֹּֽף אוֹיֵ֨ב׀ נַפְשִׁ֡י וְיַשֵּׂ֗ג וְיִרְמֹ֣ס לָאָ֣רֶץ חַיָּ֑י וּכְבוֹדִ֓י׀ לֶעָפָ֖ר יַשְׁכֵּ֣ן סֶֽלָה: (ז) ק֮וּמָ֤ה יְקֹוָ֨ק׀ בְּאַפֶּ֗ךָ הִ֭נָּשֵׂא בְּעַבְר֣וֹת צוֹרְרָ֑י וְע֥וּרָה אֵ֝לַ֗י מִשְׁפָּ֥ט צִוִּֽיתָ: (ח) וַעֲדַ֣ת לְ֭אֻמִּים תְּסוֹבְבֶ֑ךָּ וְ֝עָלֶ֗יהָ לַמָּר֥וֹם שֽׁוּבָה: (ט) יְקֹוָק֘ יָדִ֪ין עַ֫מִּ֥ים שָׁפְטֵ֥נִי יְקֹוָ֑ק כְּצִדְקִ֖י וּכְתֻמִּ֣י עָלָֽי: (י) יִגְמָר־נָ֬א רַ֨ע׀ רְשָׁעִים֘ וּתְכוֹנֵ֪ן צַ֫דִּ֥יק וּבֹחֵ֣ן לִ֭בּ֗וֹת וּכְלָי֗וֹת אֱלֹהִ֥ים צַדִּֽיק: (יא) מָֽגִנִּ֥י עַל־אֱלֹהִ֑ים מ֝וֹשִׁ֗יעַ יִשְׁרֵי־לֵֽב: (יב) אֱ֭לֹהִים שׁוֹפֵ֣ט צַדִּ֑יק וְ֝אֵ֗ל זֹעֵ֥ם בְּכָל־יֽוֹם: (יג) אִם־לֹ֣א יָ֭שׁוּב חַרְבּ֣וֹ יִלְט֑וֹשׁ קַשְׁתּ֥וֹ דָ֝רַ֗ךְ וַֽיְכוֹנְנֶֽהָ: (יד) וְ֭לוֹ הֵכִ֣ין כְּלֵי־מָ֑וֶת חִ֝צָּ֗יו לְֽדֹלְקִ֥ים יִפְעָֽל: (טו) הִנֵּ֥ה יְחַבֶּל־אָ֑וֶן וְהָרָ֥ה עָ֝מָ֗ל וְיָ֣לַד שָֽׁקֶר: (טז) בּ֣וֹר כָּ֭רָֽה וַֽיַּחְפְּרֵ֑הוּ וַ֝יִּפֹּ֗ל בְּשַׁ֣חַת יִפְעָֽל: (יז) יָשׁ֣וּב עֲמָל֣וֹ בְרֹאשׁ֑וֹ וְעַ֥ל קָ֝דְקֳד֗וֹ חֲמָס֥וֹ יֵרֵֽד: (יח) אוֹדֶ֣ה יְקֹוָ֣ק כְּצִדְק֑וֹ וַ֝אֲזַמְּרָ֗ה שֵֽׁם־יְקֹוָ֥ק עֶלְיֽוֹן: ,,"מזמור ז - מיהו כוש בן ימיני ומדוע דוד כל כך רוצה שתחול מידת הדין? | תנ""ך - ספר תהלים | הרב אלעזר אהרנסון",TRUE,TRUE,"מזמור ז - מיהו כוש בן ימיני ומדוע דוד כל כך רוצה שתחול מידת הדין? | תנ""ך - ספר תהלים | הרב אלעזר אהרנסון
שיעור חדש- מוזמנים לצפות 
שאלות, הצעות, בקשות? כתבו לנו",FALSE,מזמור ז - מיהו כוש בן ימיני ומדוע דוד כל כך רוצה שתחול מידת הדין?,TRUE,"*מזמור ז - מיהו כוש בן ימיני ומדוע דוד כל כך רוצה שתחול מידת הדין?* תנ""ך - ספר תהלים | הרב אלעזר אהרנסון",FALSE,מזמור ז - מיהו כוש בן ימיני ומדוע דוד כל כך רוצה שתחול מידת הדין?,TRUE,,
25/08/2026 17:30:18,שיעור עיון בזוהר - פרשת יתרו | הרב יהושע ויצמן,דף פב עמוד ב #3 - משמעות המצוות כעצות,"פב ע""ב: ""והכי תנינן"" - עד תחילת פג ע""א: ""עם מלכא בביתיה""",https://drive.google.com/file/d/1W9ZgQ25kUSnvEm0LdRku9-HLvKLZIaGL/preview,דף פב עמוד ב #3 - משמעות המצוות כעצות | שיעור עיון בזוהר - פרשת יתרו | הרב יהושע ויצמן,TRUE,TRUE,"דף פב עמוד ב #3 - משמעות המצוות כעצות | שיעור עיון בזוהר - פרשת יתרו | הרב יהושע ויצמן
שיעור חדש- מוזמנים לצפות 
שאלות, הצעות, בקשות? כתבו לנו",FALSE,פרשת יתרו - דף פב עמוד ב #3 - משמעות המצוות כעצות,TRUE,*דף פב עמוד ב #3 - משמעות המצוות כעצות* שיעור עיון בזוהר - פרשת יתרו | הרב יהושע ויצמן,FALSE,דף פב עמוד ב #3 - משמעות המצוות כעצות,TRUE,,
25/08/2026 19:10:41,"תנ""ך - ספר תהלים | הרב אלעזר אהרנסון","שיעור מסכם למזמורים א-ז, והרחבה למזמור ג",,,"שיעור מסכם למזמורים א-ז, והרחבה למזמור ג | תנ""ך - ספר תהלים | הרב אלעזר אהרנסון",TRUE,TRUE,"שיעור מסכם למזמורים א-ז, והרחבה למזמור ג | תנ""ך - ספר תהלים | הרב אלעזר אהרנסון
שיעור חדש- מוזמנים לצפות 
שאלות, הצעות, בקשות? כתבו לנו",FALSE,"שיעור מסכם למזמורים א-ז, והרחבה למזמור ג",TRUE,"*שיעור מסכם למזמורים א-ז, והרחבה למזמור ג* תנ""ך - ספר תהלים | הרב אלעזר אהרנסון",FALSE,"שיעור מסכם למזמורים א-ז, והרחבה למזמור ג",TRUE,,
25/08/2026 22:45:02,העמוד היומי בזוהר - פרשת פקודי | שיעור קצר,דף רנב עמוד ב,"תְּחוֹת הַאי חֵיוָתָא, אַרְבָּעָה שְׂרָפִין מְלַהֲטָן, שְׂרַפְאֵ''ל, בַּרְקִיאֵ''ל, קְרִישִׁיאֵ''ל קְדוּמְיָּ''הּ. וְאִלֵּין אַרְבַּע תְּחוֹת הַאי חֵיוָתָא קַיְימִין לְאַרְבַּע סִטְרֵי עָלְמָא, אִלֵּין ד' קַיְימֵי לְד' סִטְרֵי עָלְמָא, וְאִינּוּן מְמָנָן לְאַשְׁגָּחָא בְּכָל אִינּוּן דְּנַטְרֵי יוֹמָא דְּשַׁבְּתָא, וּמְעַנְּגֵי שַׁבְּתָא כְּדְקָא יֵאוֹת. מֵאִלֵּין אַרְבַּע כַּד נַטְלֵי, נַפְקֵי שְׁבִיבִין דְּאֶשָּׁא, וּמֵאִלֵּין שְׁבִיבִין אִתְעָבִידוּ שִׁבְעִין וּתְרֵין גַּלְגַּלִּין, מְלַהֲטָן בְּאֶשָּׁא. מֵהָכָא אִתְעָבִיד נְהַר דִּינוּר. אֶלֶף אַלְפִין יְשַׁמְּשׁוּנֵיהּ לְהַהוּא נַהֲרָא, כָּל אִינּוּן דִּמְעַנְּגֵי שַׁבְּתָא, אִלֵּין אַרְבַּע מְמָנָן מַשְׁגְּחָן בְּכָל אִינּוּן דִּמְעַנְּגֵי שַׁבְּתָא, וְהַאי חֵיוָתָא קַיְּימָא עָלַיְיהוּ, וְנַטְלֵי בְּגִינָהּ תְּחוֹתָהּ. בְּכָל יוֹמָא וְיוֹמָא, נָגִיד הַהוּא נְהַר דִּינוּר, וְאוֹקִיד לְכַמָּה רוּחִין, וּלְכַמָה שַׁלִּיטִין. וְכַד עָיִיִל שַׁבְּתָא, כָּרוֹזָא נָפְקָא, וְשָׁכִיךְ הַהוּא נְהַר דִּינוּר, וְזַעְפִּין וְזִיקִין וּשְׁבִיבִין אִשְׁתְּכָכוּ. וְהַאי חֵיוָתָא אַזְלָא וְסַלְּקָא עַל אַרְבָּעָה אִלֵּין שְׂרָפִים דְּקָאָמַרָן. וְעָאל גּוֹ אֶמְצָעִיתָא דְּהֵיכָלָא דָּא, בְּהַהוּא אֲתַר דְּאִקְרֵי עֹנֶג. בְּגִין דִּבְהַאי אֲתָר, כַּד עָיֵיל שַׁבְּתָא, מִתְסַדְּרָאן תַּמָּן כָּל פָּתוֹרֵי דִּבְנֵי עָלְמָא, דְּאִקְרוּ בְּנֵי הֵיכָלָא דְּמַלְכָּא, וְאֶלֶף אַלְפִין, וְרִבּוֹ רִבְּוָון מְמָנָן, קַיְימֵי עַל אִינּוּן פָּתוֹרֵי. וְהַאי חֵיוָתָא עִלָּאָה עַל אִלֵּין אַרְבָּעָה שְׂרָפִים, וְעָאל בְּהַהוּא אֲתָר, וְחָמָא כָּל אִינּוּן פָּתוֹרֵי, (וכל אינון דקיימא עלייהו) וְאַשְׁגַּח בְּכָל פָּתוֹרָא וּפָתוֹרָא, וְהֵיךְ מְעַנְּגֵי לֵיהּ לְכָל פָּתוֹרָא וּפָתוֹרָא, וְקַיְּימָא וּבָרִיךְ לֵיהּ לְהַהוּא פָּתוֹרָא. וְכָל אִינּוּן אֶלֶף אַלְפִין, וְרִבּוֹא רִבְּבָן, כֻּלְּהוּ פַּתְחֵי וְאַמְרֵי אָמֵן. וּמַה בְּרָכָה הִיא דְּבָרִיךְ עַל הַאי פָּתוֹרָא דְּמִתְסָדָר וְאִתְעַנְּגָא כְּדְקָא יֵאוֹת. (ישעיה נח) אָז תִּתְעַנַּג עַל יְיָ' וְגוֹ' כִּי פִּי יְיָ' דִּבֵּר. וְכֻלְּהוּ אַמְרֵי, (ישעיה נח) אָז תִּקְרָא וַיְיָ' יַעֲנֶה וְגוֹ'. רוּחָא עִלָּאָה דְּאִקְרֵי זְכוּ''ת אֵל, כַּד הַהוּא פָּתוֹרָא אִתְעַנָּג בְּכֻלְּהוּ סְעוּדָתֵי, בִּסְעוּדָתָא בַּתְרָאָה תְּלִיתָאָה מְסַיֵּים וְאָמַר, עַל כָּל אִינּוּן קַדְמָאֵי, וְאָמַר (ישעיה נח) אָז יִבָּקַע כַּשַׁחַר אוֹרֶךָ וְגוֹ', כְּבוֹד יְיָ' יַאַסְפֶּךָ. כָּל אִינּוּן שִׁבְעִין נְהוֹרִין אַחֲרָנִין בְּכָל סִטְרִין, פַּתְחֵי וְאַמְרֵי, (תהלים קכח) הִנֵּה כִּי כֵן יְבוֹרַךְ גָּבֶר יְרֵא יְיָ'. וְכַד פָּתוֹרָא דְּבַר נָשׁ לָא קַיְּימָא בְּהַהוּא אֲתָר בְּסִדּוּרָא דְּעִנּוּגָא כְּדְקָא יֵאוֹת, כְּדֵין הַאי חֵיוָתָא, וְאִינּוּן אַרְבַּע דִּתְחוֹתָהּ, וְכָל אִינּוּן אֶלֶף אַלְפִין וְרִבּוֹ רִבְּבָן, כֻּלְּהוּ דַּחְיָין לֵיהּ לְבַר, לְהַהוּא סִטְרָא אַחֲרָא, וּכְמָּה גַּרְדִּינִי נִימוּסִין, כֻּלְּהוּ נַטְלֵי לֵיהּ וְעַיְילֵי לֵיהּ לְהַהוּא אֲתָר, דְּאִיהוּ בְּהִפּוּכָא מִן דָּא, וְאִקְרֵי נֶגַע. וְכַד עַיִיִל לָהּ תַּמָּן, (ס''א פתחי) וְאַמְרֵי (תהלים קט) וַיֶאֱהַב קְלָלָה וַתְּבוֹאֵהוּ וְלֹא חָפֵץ בִּבְרָכָה וַתִּרְחַק מִמֶּנּוּ. (תהלים קט) יְנַקֵּשׁ נוֹשֶׁה לְכָל אֲשֶׁר לוֹ וְגוֹ', אַל יְהִי לוֹ מוֹשֵׁךְ חָסֶד וְגוֹ'. רַחֲמָנָא לִשֵׁזְבָן. בְּגִין דְּעִנּוּגָא דְּשַׁבְּתָא, וּמְהֵימְנוּתָא דְקוּדְשָׁא בְּרִיךְ הוּא (ס''א האי איהו אלין פתורי דעינוגא דשבתא וזמנין וחגין כולהו חדוותא דקודשא בריך הוא) אִיהוּ. וּבְגִין דָּא, כָּל אִינּוּן דִּמְעַנְגֵי עִנּוּגָא דְּשַׁבְּתָא וְזִמְנֵי וּמוֹעֲדֵי, אִלֵּין אַרְבַּע דְּקַיְימֵי תְּחוֹת הַאי חֵיוָתָא, קַיְּימָא לָקֳבֵל הַהוּא נְהַר דִּינוּר, וְלָא שַׁבְקֵי לְאִתּוֹקְדָא בֵּיהּ, לְכָל אִינּוּן דְּמִתְעַנְּגֵי עִנּוּגַיְיהוּ כְּדְקָא יֵאוֹת. תְּחוֹת אִלֵּין אַרְבַּע, אִית מְמָנָן אַחֲרָנִין, דְּקַיְימֵי לְבַר, דְּאִשְׁתְּמוֹדְעָאן מִסִּטְרָא דְּהֵיכָלָא דָּא (וכל כרוזין לבר) וּמַכְרְזֵי לְכֹלָּא אִינּוּן דִּינִין, וְכָל אִינּוּן גִּזְרִין דְּאִתְגְּזָרוּ בְּהַאי הֵיכָלָא. כֹּלָּא אִתְּדָּן הָכָא, בַּר תְּלַת מִלִּין, דְּלָא אִתְיְיהִיב רְשׁוּ הָכָא בְּהֵיכָלָא דָּא דְּאִקְרֵי זְכוּתָא. ואִלֵּין (בראשית מ''ג ע''ב, קפ''א ע''א, ויקרא כ''ה ע''ב) אִינּוּן: בְּנֵי, חַיֵּי, וּמְזוֹנֵי. דְּהָא אִלֵּין תְּלָתָא, לָא קַיְימֵי הָכָא, בְּגִין דְּהָא בְּמַזָּלָא תַּלְיָאן. דְּהָא הַהוּא נָהָר דְּנָגִיד וְנָפִיק, תַּמָּן תַּלְיָין חַיִּין דִּלְעֵילָּא, וְתַמָּן תַּלְיָין מְזוֹנֵי, וְתַמָּן תַּלְיָין בְּנֵי, דְּהָא אִלֵּין תְּלָתָא מִתַּמָּן נַפְקֵי, וְנַגְדֵּי וְאִתְמַשְּׁכָאן לְתַתָּא. וּבְגִין כַּךְ, כֹּלָּא קַיְּימָא בְּהֵיכָלָא דָּא, בַּר הָנֵי תְּלָתָא.  דף רנ''ג ע''א בַּר נָשׁ כַּד אִיהוּ בְּבֵי מַרְעֵיהּ, הָכָא אִתְּדָּן, וְכָל שְׁאַר דִּינִין דְּעָלְמָא. ואִי תֵּימָא, בַּר נָשׁ בְּבֵי (דף רנ''ג ע''א) מַרְעֵיהּ, אִי אִתְּדָּן לַחַיִּים יָהֲבִין לֵיהּ. לָאו דְּחַיִּין תַּלְיָין הָכָא, אֶלָּא כַּד אִתְּדָּן הָכָא לְחַיִּים, כְּדֵין נַגְדִּין חַיִּים מִלְּעֵילָּא, וְיָהֲבֵי לֵיהּ. (ואי לא לא יהבין) זַכָּאָה חוּלָקֵיהוֹן דְּצַדִּיקַיָּיא דְּיַדְעֵי אָרְחוֹי דְּאוֹרַיְיתָא, וְזַכָּאן בָּהּ לְחַיֵּי עָלְמָא, עָלַיְיהוּ כְּתִיב (ישעיה ס) וְעַמֵּךְ כּוּלָם צַדִּיקִים לְעוֹלָם יִרְשׁוּ אָרֶץ וגו'.",,דף רנב עמוד ב | העמוד היומי בזוהר - פרשת פקודי | שיעור קצר,TRUE,TRUE,"דף רנב עמוד ב | העמוד היומי בזוהר - פרשת פקודי | שיעור קצר
שיעור חדש- מוזמנים לצפות 
שאלות, הצעות, בקשות? כתבו לנו",FALSE,פרשת פקודי - דף רנב עמוד ב,TRUE,*דף רנב עמוד ב* העמוד היומי בזוהר - פרשת פקודי | שיעור קצר,FALSE,דף רנב עמוד ב,TRUE,,
26/08/2026 09:03:13,העמוד היומי בזוהר - פרשת פקודי | שיעור קצר,דף רנג עמוד א,"היכל אהבה חס''ד הֵיכָלָא חֲמִישָׁאָה, הֵיכָלָא דָּא קַיְּימָא לְאַנְהָרָא לְאִלֵּין תַּתָּאֵי. וְהַאי אִיהוּ הֵיכָלָא דְּקַיְּימָא לְאַנְהָרָא בְּרָזָא דִּמְהֵימְנוּתָא. פִּתְחָא חֲדָא קַיְּימָא בְּהַאי הֵיכָלָא, וְחַד מְמָנָא עָלֵיהּ, וְהַהוּא מְמָנָא אִקְרֵי סָנִיגוֹרְיָ''ה. הַאי מְמָנָא קַיְּימָא עַל פִּתְחָא דָּא, בְּגִין לְמֵילַף (ס''א סניגוריא עלייהו דישראל ובגין דא אקרי שמיה כך דהא איהו ממנא על כל אינון טבין דישראל למיעל) סַנֵּיגוֹרָא דִּלְהוֹן, קַמֵּיהּ דְּמָארֵיהוֹן. וְלָא יִשְׁלוֹט עָלַיְיהוּ סִטְרָא אַחֲרָא. בְּהֵיכָלָא דָּא, קַיְּימָא חַד רוּחָא, דְּכָלִיל בְּאַרְבַּע, דְּהָא רוּחָא דָּא כָּלִיל בְּאַרְבַּע גְּוָונִין, חִוָּור וְאוּכָם יָרוֹק וְסוּמָק. וְהַאי אִיהוּ רוּחָא דְּקַיְּימָא כָּלִיל בְּכֹלָּא, וְאִקְרֵי סוּרִיָּ''ה, רַב עַל כָּל אִינּוּן חַיָּילִין תַּתָּאִין. וְכֻלְּהוּ קַיְימִין תְּחוֹתֵיהּ, וּמְמָנָן תְּחוֹת יְדֵיהּ. הַאי רוּחָא, דְּסָגִיר וּפָתַח. כָּל מַפְתְּחָאן עִלָּאִין כֻּלְּהוּ אִתְמַסְרָן בִּידֵיהּ. (תלת זמנין ביומא) כָּל חַיָּילִין תַּתָּאִין, כֻּלְּהוּ אִתְכְּלִילָן וְקַיְימָן תְּחוֹתֵיהּ, וּמִנֵּיהּ אִתְזָנוּ. הַאי קַיְּימָא בְּכָל רָזִין דְּמָארֵיהּ, כָּל גְּנִזִין עִלָּאִין כֻּלְּהוּ אִתְמַסְרָן בִּידֵיהּ. הַאי רוּחָא אִקְרֵי אַהֲבָה. וּבְגִין דָּא, אִקְרֵי הֵיכָל דָּא, הֵיכָל אַהֲבָה. בְּגִין דְּהָכָא אִתְגְנִיזוּ כָּל רָזָא דְּרָזִין, לְמַאן דְּאִצְטְרִיךְ לְאִתְדַּבְּקָא בֵּיהּ. וְהָכָא הוּא רָזָא דִּכְתִיב, (שיר השירים ז) שָׁם אֶתֵּן אֶת דּוֹדִי לָךְ. רוּחָא דָּא, אִיהוּ נָטִיר כָּל נְטִירוּ דִּלְעֵילָּא, וְדָא אִקְרֵי (תהלים קכא) שׁוֹמֵר יִשְׂרָאֵל. (דברים ז) שׁוֹמֵר הַבְּרִית. בְּגִין דְּהָכָא אִיהוּ נְטִירוּ דְּכָל גִּנְזִין עִלָּאִין, וְעַל דָּא גְּנִיזִין דְּמָארֵיהּ גְּנִיזִין בֵּיהּ. מֵהַאי נַפְקֵי שְׁבִילִין וְאָרְחִין לְאִינּוּן דִּלְתַתָּא, בְּגִין לְאַתְעֲרָא בְּהוּ רוּחָא דִּרְחִימוּתָא. אִלֵּין ד' גְּוָונִין דְּבֵיהּ, אִתְּכְלִילָן דָּא בְּדָא. וְכַד בָּעָאן לְאַכְלְלָא, בָּטַשׁ דָּא בְּדָא, וְנָפַק מִכֻּלְּהוּ חַד חֵיוָתָא קַדִישָׁא, דְּאִקְרֵי זֹהַר. וְהַאי חֵיוָתָא עַל דָּא כְּתִיב, (יחזקאל י) הִיא הַחַיָּה אֲשֶׁר רָאִיתִי עַל נְהַר כְּבָר. מֵהֵיכָלָא דָּא, נָפְקִין כָּל רוּחִין קַדִישִׁין דְּקַיְימִין בְּקִיּוּמָא דְּנְשִׁיקִין (עלאין). דְּהָא מֵאִינּוּן נְשִׁיקִין, נָפְקָא אֲוֵירָא דְּרוּחָא, לְקִיּוּמָא דְּנַפְשָׁא לְכָל אִינּוּן נִשְׁמָתִין עִלָּאִין, דְּאִתְיְיהִיבוּ בִּבְנֵי נָשָׁא. וְרָזָא הַהוּא דִּכְתִיב, (דברים ח) כִּי עַל כָּל מוֹצָא פִּי יְיָ' יִחְיֶה הָאָדָם. בְּגִין דִּבְהַאי הֵיכָלָא קַיְימִין כָּל נִשְׁמָתִין, וְכָל רוּחִין, דִּזְמִינִין לְנַחְתָּא בִּבְנִי נָשָׁא, מִיּוֹמָא דְּאִתְבְּרֵי עָלְמָא. וְעַל דָּא, הֵיכָלָא דָּא נַקְטָא, כָּל אִינּוּן נִשְׁמָתִין דְּנָפְקִין מֵהַהוּא נָהָר דְּנָגִיד וְנָפִיק. וּבְגִין דָּא, הֵיכָלָא דָּא לָא קַיְּימָא לְעָלְמָא בְּרֵיקָנַיָּיא. וּמִיּוֹמָא דְּאִתְחָרַב בֵּי מַקְדְשָׁא, לָא עָאלוּ הָכָא נִשְׁמָתִין אַחֲרָנִין. וְכַד יִסְתַּיְימוּן אִלֵּין, הֵיכָלָא קַיְּימָא בְּרֵיקָנַיָּא, וְיִתְפְּקַד מִלְּעֵילָּא, וּכְדֵין יֵיתֵי מַלְכָּא מְשִׁיחָא. וְאַתְעַר הֵיכָלָא דָּא לְעֵילָּא, וְיִתְעַר הֵיכָלָא לְתַתָא. וּבְרָזָא דְּהֵיכָלָא דָּא כְּתִיב, (שיר השירים ד) שְׁנִי שָׁדַיִךְ כִּשְׁנִי עֳפָרִים וְגוֹ'. בְּגִין דִּבְהֵיכָלָא דָּא הַהוּא רוּחָא דְּקָאָמַרָן, וְהַהוּא חֵיוָתָא, אַפִיק תְּרֵין נְהוֹרִין כְּלִילָן דָּא בְּדָא, מִתְקַשְּׁרָן דָּא בְּדָא, וְאִקְרוּן אֵ''ל שַׁדַּ''י. אִלֵּין אִקְרוּן שַׁדַּ''י, וְאֵ''ל דִּלְתַּתָּא, מִתְחַבְּרָן דָּא בְּדָא, וְאָעִיל דָּא בְּדָא, וְאִקְרֵי אֵ''ל שַׁדָ''י. בְּגִין דְּנָפַק מִכְלָלָא דְּאִלֵּין שָׁדַיִם. וְהַאי אֵ''ל דְּאִיהוּ מִסִּטְרָא דִּימִינָא, נָטִיל מֵאֲתָר דָּא, כָּל אִינּוּן רַחֲמִין, דְּקַיְימֵי לְאַתְזָנָא הַהוּא הֵיכָלָא דִּלְתַתָא, דְּאִקְרֵי זְכוּתָ''א, עַל שְׁמָא דְּהַאי רוּחָא דְּבֵיהּ דְּקָאָמַרָן. הַאי שַׁדַּי, יָנִיק לְכָל אִינּוּן תַּתָּאִין, וּלְכָל אִינּוּן הֵיכָלִין, וּלְכָל אִינּוּן דִּלְבַר, דְּקַיְימֵי מִסִּטְרָא דָּא, דְּאִקְרוּן יִתְדוֹת הַמִּשְׁכָּן, כְּמָה דְּאוֹקִימְנָא. וְעַל דָּא אִקְרֵי שַׁדַּי, בְּגִין דִּמְסַפְּקָא מְזוֹנָא לְכֻלְּהוּ תַּתָּאֵי, כְּמָה דְּאִיהוּ מְקַבְּלָא, מִסִּטְרָא דִּימִינָא.  דף רנ''ג ע''ב מֵהָכָא, נָפְקוּ אִינּוּן נְהוֹרִין, דְּאִקְרוּן (בראשית ג) לַהַט הַחֶרֶב הַמִּתְהַפֶּכֶת. בְּגִין דְּמִתְהַפְּכָא לְכַמָּה גְּוָונִין, וְהָא אוֹקִימְנָא, דְּאִלֵּין מִתְעָרֵי דִּינָא בִּשְׁלִיחוּתָא דִּלְעֵילָּא, וְאִינּוּן בְּעָלְמָא (דף רנ''ג ע''ב) מִסְּטָר שְׂמָאלָא",,דף רנג עמוד א | העמוד היומי בזוהר - פרשת פקודי | שיעור קצר,TRUE,TRUE,"דף רנג עמוד א | העמוד היומי בזוהר - פרשת פקודי | שיעור קצר
שיעור חדש- מוזמנים לצפות 
שאלות, הצעות, בקשות? כתבו לנו",FALSE,פרשת פקודי - דף רנג עמוד א,TRUE,*דף רנג עמוד א* העמוד היומי בזוהר - פרשת פקודי | שיעור קצר,FALSE,דף רנג עמוד א,TRUE,,
26/08/2026 09:12:05,עִתִּים לַתּוֹרָה - מועדי ישראל | הרב מרדכי פרומר,בתוך עמי אנוכי יושבת,,,בתוך עמי אנוכי יושבת | עִתִּים לַתּוֹרָה - מועדי ישראל | הרב מרדכי פרומר,TRUE,TRUE,"בתוך עמי אנוכי יושבת | עִתִּים לַתּוֹרָה - מועדי ישראל | הרב מרדכי פרומר
שיעור חדש- מוזמנים לצפות 
שאלות, הצעות, בקשות? כתבו לנו",FALSE,מועדי ישראל | הרב מרדכי פרומר - בתוך עמי אנוכי יושבת,FALSE,*בתוך עמי אנוכי יושבת* עִתִּים לַתּוֹרָה - מועדי ישראל | הרב מרדכי פרומר,FALSE,בתוך עמי אנוכי יושבת,TRUE,,
26/08/2026 10:15:59,עִתִּים לַתּוֹרָה - אגדתות | הרב שי הוד,רמי בר תמרי מפומפדיתא מגיע לסורא,,,רמי בר תמרי מפומפדיתא מגיע לסורא | עִתִּים לַתּוֹרָה - אגדתות | הרב שי הוד,TRUE,TRUE,"רמי בר תמרי מפומפדיתא מגיע לסורא | עִתִּים לַתּוֹרָה - אגדתות | הרב שי הוד
שיעור חדש- מוזמנים לצפות 
שאלות, הצעות, בקשות? כתבו לנו",FALSE,אגדתות | הרב שי הוד - רמי בר תמרי מפומפדיתא מגיע לסורא,TRUE,*רמי בר תמרי מפומפדיתא מגיע לסורא* עִתִּים לַתּוֹרָה - אגדתות | הרב שי הוד,FALSE,רמי בר תמרי מפומפדיתא מגיע לסורא,TRUE,,
26/08/2026 11:18:01,עִתִּים לַתּוֹרָה - עיונים בספר שמות | הרב תמיר כהן,קדש הקדשים בתנך,,,קדש הקדשים בתנך | עִתִּים לַתּוֹרָה - עיונים בספר שמות | הרב תמיר כהן,TRUE,TRUE,"קדש הקדשים בתנך | עִתִּים לַתּוֹרָה - עיונים בספר שמות | הרב תמיר כהן
שיעור חדש- מוזמנים לצפות 
שאלות, הצעות, בקשות? כתבו לנו",FALSE,עיונים בספר שמות | הרב תמיר כהן - קדש הקדשים בתנך,TRUE,*קדש הקדשים בתנך* עִתִּים לַתּוֹרָה - עיונים בספר שמות | הרב תמיר כהן,FALSE,קדש הקדשים בתנך,TRUE,,
26/08/2026 12:12:05,עִתִּים לַתּוֹרָה - ספר הכוזרי | הרב שלמה בן אליהו,כי ישראל באומות הם בבחינת הלב באברים,,,כי ישראל באומות הם בבחינת הלב באברים | עִתִּים לַתּוֹרָה - ספר הכוזרי | הרב שלמה בן אליהו,TRUE,TRUE,"כי ישראל באומות הם בבחינת הלב באברים | עִתִּים לַתּוֹרָה - ספר הכוזרי | הרב שלמה בן אליהו
שיעור חדש- מוזמנים לצפות 
שאלות, הצעות, בקשות? כתבו לנו",FALSE,ספר הכוזרי | הרב שלמה בן אליהו - כי ישראל באומות הם בבחינת הלב באברים,FALSE,*כי ישראל באומות הם בבחינת הלב באברים* עִתִּים לַתּוֹרָה - ספר הכוזרי | הרב שלמה בן אליהו,FALSE,כי ישראל באומות הם בבחינת הלב באברים,TRUE,,
26/08/2026 15:22:01,חסידות בפרשה | הרב אלעזר אהרנסון,פרשת כי תבוא - ביכורים,,,פרשת כי תבוא - ביכורים | חסידות בפרשה | הרב אלעזר אהרנסון,TRUE,TRUE,"פרשת כי תבוא - ביכורים | חסידות בפרשה | הרב אלעזר אהרנסון
שיעור חדש- מוזמנים לצפות 
שאלות, הצעות, בקשות? כתבו לנו",FALSE,פרשת כי תבוא - ביכורים,FALSE,*פרשת כי תבוא - ביכורים* חסידות בפרשה | הרב אלעזר אהרנסון,FALSE,פרשת כי תבוא - ביכורים,TRUE,,
26/08/2026 17:19:13,"תנ""ך - ספר תהלים | הרב אלעזר אהרנסון",מזמור ח - אתה אפס?,תהלים פרק ח (א) לַמְנַצֵּ֥חַ עַֽל־הַגִּתִּ֗ית מִזְמ֥וֹר לְדָוִֽד: (ב) יְקֹוָ֤ק אֲדֹנֵ֗ינוּ מָֽה־אַדִּ֣יר שִׁ֭מְךָ בְּכָל־הָאָ֑רֶץ אֲשֶׁ֥ר תְּנָ֥ה ה֝וֹדְךָ֗ עַל־הַשָּׁמָֽיִם: (ג) מִפִּ֤י עֽוֹלְלִ֨ים׀ וְֽיֹנְקִים֘ יִסַּ֪דְתָּ֫ עֹ֥ז לְמַ֥עַן צוֹרְרֶ֑יךָ לְהַשְׁבִּ֥ית א֝וֹיֵ֗ב וּמִתְנַקֵּֽם: (ד) כִּֽי־אֶרְאֶ֣ה שָׁ֭מֶיךָ מַעֲשֵׂ֣י אֶצְבְּעֹתֶ֑יךָ יָרֵ֥חַ וְ֝כוֹכָבִ֗ים אֲשֶׁ֣ר כּוֹנָֽנְתָּה: (ה) מָֽה־אֱנ֥וֹשׁ כִּֽי־תִזְכְּרֶ֑נּוּ וּבֶן־אָ֝דָ֗ם כִּ֣י תִפְקְדֶֽנּוּ: (ו) וַתְּחַסְּרֵ֣הוּ מְּ֭עַט מֵאֱלֹהִ֑ים וְכָב֖וֹד וְהָדָ֣ר תְּעַטְּרֵֽהוּ: (ז) תַּ֭מְשִׁילֵהוּ בְּמַעֲשֵׂ֣י יָדֶ֑יךָ כֹּ֝ל שַׁ֣תָּה תַֽחַת־רַגְלָֽיו: (ח) צֹנֶ֣ה וַאֲלָפִ֣ים כֻּלָּ֑ם וְ֝גַ֗ם בַּהֲמ֥וֹת שָׂדָֽי: (ט) צִפּ֣וֹר שָׁ֭מַיִם וּדְגֵ֣י הַיָּ֑ם עֹ֝בֵ֗ר אָרְח֥וֹת יַמִּֽים: (י) יְקֹוָ֥ק אֲדֹנֵ֑ינוּ מָֽה־אַדִּ֥יר שִׁ֝מְךָ֗ בְּכָל־הָאָֽרֶץ: ,,"מזמור ח - אתה אפס? | תנ""ך - ספר תהלים | הרב אלעזר אהרנסון",TRUE,TRUE,"מזמור ח - אתה אפס? | תנ""ך - ספר תהלים | הרב אלעזר אהרנסון
שיעור חדש- מוזמנים לצפות 
שאלות, הצעות, בקשות? כתבו לנו",FALSE,מזמור ח - אתה אפס?,TRUE,"*מזמור ח - אתה אפס?* תנ""ך - ספר תהלים | הרב אלעזר אהרנסון",FALSE,מזמור ח - אתה אפס?,TRUE,,
26/08/2026 17:30:04,שיעור עיון בזוהר - פרשת יתרו | הרב יהושע ויצמן,דף פג עמוד א #1 - הזיקה אל הכתר,"פג ע""א: ""רבי שמעון אמר"" - עד: ""לאתר חד סלקין""",https://drive.google.com/file/d/1pf2cmLJlXcppkanhbQEBRCAQGNmhXg0g/preview,דף פג עמוד א #1 - הזיקה אל הכתר | שיעור עיון בזוהר - פרשת יתרו | הרב יהושע ויצמן,TRUE,TRUE,"דף פג עמוד א #1 - הזיקה אל הכתר | שיעור עיון בזוהר - פרשת יתרו | הרב יהושע ויצמן
שיעור חדש- מוזמנים לצפות 
שאלות, הצעות, בקשות? כתבו לנו",FALSE,פרשת יתרו - דף פג עמוד א #1 - הזיקה אל הכתר,TRUE,*דף פג עמוד א #1 - הזיקה אל הכתר* שיעור עיון בזוהר - פרשת יתרו | הרב יהושע ויצמן,FALSE,דף פג עמוד א #1 - הזיקה אל הכתר,TRUE,,
26/08/2026 18:58:50,מדרש רבה | הרב יהושע ויצמן,"מלחמה ירוקה(מג,ב)",,,"מלחמה ירוקה(מג,ב) | מדרש רבה | הרב יהושע ויצמן",TRUE,TRUE,"מלחמה ירוקה(מג,ב) | מדרש רבה | הרב יהושע ויצמן
שיעור חדש- מוזמנים לצפות 
שאלות, הצעות, בקשות? כתבו לנו",FALSE,"מלחמה ירוקה(מג,ב)",FALSE,"*מלחמה ירוקה(מג,ב)* מדרש רבה | הרב יהושע ויצמן",FALSE,"מלחמה ירוקה(מג,ב)",TRUE,,
26/08/2026 19:01:45,לחיות עם פרשת השבוע | הרב יהושע ויצמן,פרשת כי תבוא - עבדו את ה' בשמחה ובטוב לבב,,,פרשת כי תבוא - עבדו את ה' בשמחה ובטוב לבב | לחיות עם פרשת השבוע | הרב יהושע ויצמן,TRUE,TRUE,"פרשת כי תבוא - עבדו את ה' בשמחה ובטוב לבב | לחיות עם פרשת השבוע | הרב יהושע ויצמן
שיעור חדש- מוזמנים לצפות 
שאלות, הצעות, בקשות? כתבו לנו",FALSE,פרשת כי תבוא - עבדו את ה' בשמחה ובטוב לבב,TRUE,*פרשת כי תבוא - עבדו את ה' בשמחה ובטוב לבב* לחיות עם פרשת השבוע | הרב יהושע ויצמן,FALSE,פרשת כי תבוא - עבדו את ה' בשמחה ובטוב לבב,TRUE,,
26/08/2026 21:07:24,שיעורים קצרים לדרך - הארה בפרשה | הרב מנשה וינר,פרשת כי תבוא - בשביל מה צריך לכרות ברית מחודשת?,,,פרשת כי תבוא - בשביל מה צריך לכרות ברית מחודשת? | שיעורים קצרים לדרך - הארה בפרשה | הרב מנשה וינר,TRUE,TRUE,"פרשת כי תבוא - בשביל מה צריך לכרות ברית מחודשת? | שיעורים קצרים לדרך - הארה בפרשה | הרב מנשה וינר
שיעור חדש- מוזמנים לצפות 
שאלות, הצעות, בקשות? כתבו לנו",TRUE,פרשת כי תבוא - בשביל מה צריך לכרות ברית מחודשת?,TRUE,*פרשת כי תבוא - בשביל מה צריך לכרות ברית מחודשת?* שיעורים קצרים לדרך - הארה בפרשה | הרב מנשה וינר,TRUE,פרשת כי תבוא - בשביל מה צריך לכרות ברית מחודשת?,TRUE,,
26/08/2026 22:29:50,שיעורים קצרים לדרך - החיזוק השבועי | הרב יהושע ויצמן,כל רגע שלנו הוא רגע גדול,,,כל רגע שלנו הוא רגע גדול | שיעורים קצרים לדרך - החיזוק השבועי | הרב יהושע ויצמן,TRUE,TRUE,"כל רגע שלנו הוא רגע גדול | שיעורים קצרים לדרך - החיזוק השבועי | הרב יהושע ויצמן
שיעור חדש- מוזמנים לצפות 
שאלות, הצעות, בקשות? כתבו לנו",TRUE,כל רגע שלנו הוא רגע גדול,TRUE,*כל רגע שלנו הוא רגע גדול* שיעורים קצרים לדרך - החיזוק השבועי | הרב יהושע ויצמן,TRUE,כל רגע שלנו הוא רגע גדול,TRUE,,
26/08/2026 22:52:55,העמוד היומי בזוהר - פרשת פקודי | שיעור קצר,דף רנג עמוד ב,"כַּד אִתְפְּרַשׁ (ס''א אתפשט) רוּחָא דָּא, וּבָטַשׁ לְאַפָקָא נְהוֹרִין לְכָל סִטְרִין, כְּאִינּוּן שָׁדַיִם דְּרָמָאן חֲלָבָא לְכָל סְטָר, הָכִי נָמֵי מֵהַאי רוּחָא, נַפְקֵי לְכָל סְטָר, וְאַפִיקוּ חַד חֵיוָתָא אַחֲרָא, דִּי מְמָנָא עַל אִלֵּין, דְּאִקְרֵי לַהַט הַחֶרֶב הַמִּתְהַפֶּכֶת. וְדָא אִקְרֵי. (חסר) (ס''א שבע ודא איהו דממנא) וְהַהוּא וְהַאי דִּמְמָנָא עַל עָלְמָא. בְּזִמְנָא דִּי מְמָנָא כַּפְנָא עַל עָלְמָא וְאִתְדָּן בֵּיהּ, כְּדֵין הַאי חֵיוָתָא אִתְפָּקְדָא עַל עָלְמָא, וְאַפִיק רוּחָא דִּמְזוֹנָא, לְכָל אִינּוּן בְּנֵי מְהֵימְנוּתָא, דְּלָא יְמוּתוּן בְּכַפְנָא, וְסָעִיד לִבַּיְיהוּ. בְּגִין דְּהָא מִסִּטְרָא אַחֲרָא, כַּד שַׁלְטָא כַּפְנָא בְּעָלְמָא, נַפְקֵי מֵהַאי סִטְרָא תְּרֵין רוּחִין מִסְאֲבִין, וְאִקְרוּן שׁוֹד וְכָפָן. וְדָא אִיהוּ רָזָא, (איוב ה) לְשׁוֹד וּלְכָפָן תִּשְׂחָק. בְּגִין דְּאִלֵּין קַיְימִין בְּעָלְמָא, וְעַבְדִין לוֹן לִבְנֵי נָשָׁא קִטְרוּגָא. חַד, הַהוּא דְּקָא מְשַׁדֵּר לְהוּ כַּפְנָא, וּמַיְיתִי. וְחַד, דְּקָא אַכְלֵי בְּנֵי נָשָׁא וְלָא שַׂבְעִין, בְּגִין דְּהָא רוּחָא בִּישָׁא שַׁלְטָא בְּעָלְמָא. חֵיוָתָא דָּא, אַפִיק חַד נִיצוֹצָא, דְּקָא נָפִיק מִנְּצִיצוּ דִּתְרֵין נִיצוֹצִין דְּאַמָרָן, דְּאִינּוּן מִתְהַפְּכָאן לְכַמָּה גְּוָונִין. וְהַאי נִיצוֹצָא אִקְרֵי שְׂרָפִים, וְהַאי אָחִיד בְּהוֹן, וְלָהִיט לוֹן. בְּהֵיכָלָא דָּא אִית תְּרֵין מְמָנָן, נְהוֹרִין דְּקַיְימִין עַל אֶלֶף וְרִבּוֹא רִבְּבָן דְּאִקְרוּן גְּפָנִים, וְאֶלֶף וְרִבּוֹא רִבְּבָן דְּאִקְרוּן רִמּוֹנִים, וְכֻלְּהוּ קַיְימִין בַּחֲבִיבוּתָא, וְאִלֵּין אִינּוּן דְּאַעֲלֵי רְחִימוּתָא בֵּין יִשְׂרָאֵל לְתַתָּא, וְקוּדְשָׁא בְּרִיךְ הוּא לְעֵילָּא. וְכֻלְּהוּ מִתְעָרֵי רְחִימוּתָא, וְקַיְימָן בִּרְחִימוּ. וְכַד אַתְעַר רְחִימוּ מִתַּתָּא לְעֵילָּא, וּמֵעֵילָּא לְתַתָּא, כְּדֵין אִתְמַלְיָא הֵיכָלָא, דָּא, מִכַּמָּה טָבִין, מִכַּמָּה חֲסָדִין, מִכַּמָּה רַחֲמִין וּכְדֵין רְחִימוּ דִּלְתַתָּא, גּוֹ רְחִימוּ עִלָּאָה, אִתְדַּבָּק דָּא בְּדָא. מֵהָכָא נַפְקֵי תְּרֵין מְמָנָן, וְאִקְרוּן אַהֲבָה, עַל שְׁמָא דְּהֵיכָלָא. וְאִלֵּין קַיְימִין לְאַשְׁגָּחָא עַל כָּל אִינּוּן דִּמְיַחְדֵּי יִחוּדָא דְּמָארֵיהוֹן בִּרְחִימוּ, וּמַסְרֵי נַפְשַׁיְיהוּ עָלֵיהּ בִּרְחִימוּ, וְסַלְקֵי וְאַסְהִידוּ לְעֵילָּא וְכָל אִינּוּן דְּעַבְדֵּי חֶסֶד בְּעָלְמָא, אִינּוּן חֲסָדִין סַלְּקִין וְעָאלִין גּוֹ הַאי הֵיכָלָא, וּמִתְעַטְּרֵי תַּמָּן, וְסַלְקֵי לְאִתְעַטְּרָא גּוֹ אַהֲבָה עִלָּאָה. וְעַל דָּא כְּתִיב, (תהלים קח) כִּי גָּדוֹל מֵעַל שָׁמַיִם חַסְדֶּךָ. בְּהֵיכָלָא דָּא כְּתִיב, (שיר השירים ח) מַיִם רַבִּים לֹא יוּכְלוּ לְכַבּוֹת אֶת הָאַהֲבָה וּנְהָרוֹת לא יִשְׁטְפוּהָ וגוֹ'. היכל הרצון תפאר''ת הֵיכָלָא שְׁתִיתָאָה. דָּא הוּא הֵיכָלָא דְּאִקְרֵי הֵיכָלָא דְּרָצוֹן, דְּאִיהוּ רַעֲוָא, דְּאִקְרֵי (דברים ח) מוֹצָא פִי יְיָ', חֶדְוָה דְּאִתְדַּבְּקוּתָא דְּכֹלָּא. וְהָכָא אִיהוּ רַעֲוָא דְּרַעֲוִין, בְּרָזָא דִּכְתִיב, (שיר השירים ד) כְּחוּט הַשָּׁנִי שִׂפְתוֹתַיִךְ. רַעֲוָא דְּכָל נִשְׁמָתִין, דְּנַפְקֵי מֵהַהוּא מוֹצָא פִי יְיָ'. הַאי הֵיכָלָא, הֵיכָלָא דְּרַעֲוָא. דְּקַיְימָן הָכָא כָּל שְׁאֶלְתִין, וְכָל בָּעוּתִין דְּעָלְמָא. בְּגִין דְּרַעֲוָא דְּכָל רַעֲוִין, כַּד נְשִׁיקִין אִשְׁתְּכָחוּ, בְּרָזָא דִּכְתִּיב, (בראשית כט) ויִּשַּׁק יַעֲקֹב לְרָחֵל. וּכְדֵין כַּד נָשִׁיק דָּא לְדָא, כְּדֵין אִקְרֵי עֵת רָצוֹן. בְּגִין דְּהָא כְּדֵין שְׁלִימוּ אִשְׁתְּכַח, וְכָל אַנְפִין נְהִירִין. וְכַד צְלוֹתִין סַלְּקִין, כְּדֵין אִיהוּ עֵת רָצוֹן לְאִשְׁתַּכְחָא, וְעַל דָּא כְּתִיב (תהלים סט) וַאֲנִי תְפִלָּתִי לְךָ יְיָ' עֵת רָצוֹן. דְּאִיהוּ חִבּוּרָא דָּא עִם דָּא. בְּהֵיכָלָא דָּא קַיְימָן שִׁית פִּתְחִין, ד' פִּתְחִין לְד' סִטְרִין דְּעָלְמָא, וְחַד לְעֵילָּא, וְחַד לְתַתָּא. בְּאִלֵּין פִּתְחִין אִתְמָנָא חַד רוּחָא, דְּאִיהוּ רַב עַל כֻּלְּהוּ דִּי מְמָנָן בְּכָל אִלֵּין פִּתְחִין, וְרָזִיאֵ''ל שְׁמֵיהּ. וְהַאי אִתְמָנָא וְאִתְפְּקַד בְּכָל אִינּוּן רָזִין עִלָּאִין, דְּפוּמָא לְפוּמָא מְמַלְלָן, דְּנַשְׁקִין דָּא דְּלָא בִּרְחִימוּ דִּרְחִימוּתָא. רָזִין אִלֵּין לָא קַיְימָן לְגַלָּאָה, אֲבָל כַּד תַּרְעִין אִתְפְּתָחוּ, כְּדֵין יַדְעִין כֻּלְּהוּ הֵיכָלִין, וְכָל אִינּוּן רוּחִין, וְכָל אִינּוּן מַשִּׁרְיָין, דְּהָא תַּרְעֵי דְּרָצוֹן אִתְפְּתָחוּ. וְלָא עָאלִין בְּאִלֵּין תַּרְעִין, אֶלָּא רַעֲוֵי דִּצְלוֹתִין, רַעֲוֵי דִּשְׁבָחָא, רַעֲוֵי דְּנִשְׁמָתִין קַדִישִׁין עִלָּאִין.",,דף רנג עמוד ב | העמוד היומי בזוהר - פרשת פקודי | שיעור קצר,TRUE,TRUE,"דף רנג עמוד ב | העמוד היומי בזוהר - פרשת פקודי | שיעור קצר
שיעור חדש- מוזמנים לצפות 
שאלות, הצעות, בקשות? כתבו לנו",FALSE,פרשת פקודי - דף רנג עמוד ב,TRUE,*דף רנג עמוד ב* העמוד היומי בזוהר - פרשת פקודי | שיעור קצר,FALSE,דף רנג עמוד ב,TRUE,,
27/08/2026 08:35:50,העמוד היומי בזוהר - פרשת פקודי | שיעור קצר,דף רנד עמוד א,"הַאי אִיהוּ הֵיכָלָא דְּמֹשֶׁה, בְּהַאי הֵיכָלָא אִתְכְּנִישׁ מֹשֶׁה בִּרְחִימוּ, וְנָשִׁיק נְשִׁיקִין. בְּהַאי הֵיכָלָא, (שמות יט) מֹשֶׁה יְדַבֵּר וְהָאֱלֹהִים יַעֲנְנּוּ בְקוֹל.  דף רנ''ד ע''א כַּד אִתְדָּבָּקוּ נְשִׁיקִין בִּנְשִׁיקִין, (דף רנ''ד ע''א) דָּא עִם דָּא, וְעַל דָּא כְּתִיב, (שיר השירים א) יִשָּׁקֵנִי מִנְּשִׁיקוֹת פִּיהוּ וְגוֹ'. לֵית נְשִׁיקִין דְּחֶדְוָה וּרְחִימוּתָא אֶלָּא כַּד מִתְדַּבְּקָן דָּא בְּדָא, פּוּמָא בְּפוּמָא, רוּחָא בְּרוּחָא, דִּכְדֵין רָוָואן דָּא עִם דָּא, בְּתַפְנוּקִין דְּכֹלָּא, וּבְחֶדְוָה, מִנְּהִירוּ עִלָּאָה. תָּא חֲזֵי, מֹשֶׁה יְדַבֵּר, דִּכְתִּיב, (שיר השירים א) הִנָּךְ יָפָה רַעְיָתִי, וּכְתִיב (שיר השירים ד) כְּחוּט הַשָּׁנִי שִׂפְתוֹתַיִךְ. וְהָאֱלֹהִים יַעֲנֶנּוּ בְקוֹל, דִּכְתִּיב, (שיר השירים א) הִנְּךָ יָפֶה דּוֹדִי אַף נָעִים, וּכְתִיב (שיר השירים ה) שִׂפְתוֹתָיו שׁוֹשַׁנִּים נוֹטְפוֹת מוֹר עוֹבֵר. הַאי רוּחָא, אִתְמְסָרוּ בִּידֵיהּ, כָּל רָזִין דְּאִינּוּן נִשְׁמָתִין עִלָּאִין, דְּמִתְעָרֵי תִּיאוּבְתָא דִּרְחִימוּ דִּלְעֵילָּא וְתַתָּא כַּחֲדָא. אִינּוּן נִשְׁמָתִין עִלָּאִין, כְּגוֹן רִבִּי עֲקִיבָא וְחַבְרוֹי, דְּאִלֵּין לָא אִתְקְרִיבוּ לְאִסְתַּחֲאָה בִּנְהַר דִּינוּר, כְּמָה דִּשְׁאַר נִשְׁמָתִין אִסְתַּחְיָין תַּמָּן וְעָבְרוּ בֵּיהּ, וְהָא אוֹקִימְנָא. (תא חזי), רוּחָא דָּא, אַפִיק תְּרֵיסָר נְהוֹרִין, וְכֻלְּהוּ קַיְימֵי בְּרָזָא דִּתְחוֹת הַאי רוּחָא. בְּאַרְבַּע סִטְרִין דְּעָלְמָא, קַיְימִין ד' נְהוֹרִין עִלָּאִין, דְּשַׁלְטִין לְאַרְבַּע סִטְרִין. בְּסִטְרָא דְּדָרוֹם, קַיְּימָא חַד נְהוֹרָא עִלָּאָה יְמִינָא דְּכָל עָלְמָא, דְּהָא מִנֵּיהּ שָׁרָאן יִשְׂרָאֵל לְאִתְאַחֲדָא בְּרָזָא דִּמְהֵימְנוּתָא, וְאִיהוּ מִיכָאֵל, רַב חֵילָא דִּנְהוֹרָא עִלָּאָה, דְּנַחְתָא מִסִּטְרָא דְּדָרוֹם, דְּתַמָּן נְהוֹרָא קַיְּימָא בְּתוּקְפֵּיהּ. הַאי מִיכָאֵל, נְהוֹרָא יְמִינָא, אַפָטְרוֹפוֹסָא רַבָּא דְּיִשְׂרָאֵל. בְּגִין, דְּכַד סִטְרָא אַחֲרָא קַיְּימָא לְאַסְטָאָה עָלַיְיהוּ דְּיִשְׂרָאֵל, כְּדֵין מִיכָאֵל טָעַן עִמֵּיהּ, וְאִתְעָבִיד סַנֵּיגוֹרְיָא עָלַיְיהוּ דְּיִשְׂרָאֵל, וְאִשְׁתְּזִבָן מֵהַהוּא קַטֵיגוֹרְיָא דְּמָארֵי בַּעֲלֵי דְּבָבוּ דְּיִשְׂרָאֵל. בַּר בְּזִמְנָא דְּאִיחְרַב יְרוּשָׁלַם, דְּהָא כְּדֵין אִתְגַבָּרוּ חוֹבִין וּמִיכָאֵל לָא יָכִיל בַּהֲדֵיהּ דְּסִטְרָא אַחֲרָא, דְּטַעֲנָתֵיהּ דְּמִיכָאֵל תְּבִירָא עָלַיְיהוּ דְּיִשְׂרָאֵל, וּכְדֵין (איכה ב) הֵשִׁיב אָחוֹר יְמִינוֹ מִפְּנֵי אוֹיֵב. בְּסִטְרָא דְּצָפוֹן, קַיְּימָא נְהוֹרָא אַחֲרָא, דְּהָא אִיהוּ קַיְּימָא (ס''א לנטלא) לְבַטְּלָא דִּינָא מִבֵּי הֵיכָלָא רְבִיעָאָה. וְיָהַב לַמְמָנָא דְּפִתְחָא דִּבְהַהוּא פִּתְחָא קַיְּימָא מְמָנָן אַחֲרָן דְּאִינּוּן דְּבִסְטַר מְסַאֲבָא, מְחַכָּאן לְהַהוּא מְמָנָא וְנַטְלֵי דִּינָא. וּלְזִמְנִין דְּהַאי נְהוֹרָא דְּבְסִטְרָא דְּצָפוֹן, אִיהוּ עָבִיד דִּינָא, וְלָא יִתְמְסָר בִּידָא דְּסִטְרָא אַחֲרָא. בְּגִין דְּכָל דִּינִין דְּאִתְעָבֵידוּ בֵּיהּ, אִית לוֹן אַסְוָותָא. וְקוּדְשָׁא בְּרִיךְ הוּא עָבִיד חֶסֶד בְּאִינּוּן אַתְרֵי. גַּבְרִיאֵ''ל אִיהוּ הַאי נְהוֹרָא דִּבְסִטְרָא דְּצָפוֹן, וּבְכָל אֲתָר דְּאִיהוּ מָחֵי, שָׁרֵי בֵּיהּ חֶסֶד. בְּגִין דְּגַבְרִיאֵ''ל בִּתְרֵין סִטְרִין, כָּלִיל בְּתַרְוַויְיהוּ, וְעַל דָּא, מַחְיָא וְאַסְוָותָא בֵּיהּ. בְּסִטְרָא דָּא קַיְּימָא רָזָא דִּכְתִּיב, (דברים ח) כִּי כַּאֲשֶׁר יְיַסֵּר אִישׁ אֶת בְּנוֹ יְיָ' אֱלֹהֶיךָ מְיַסְּרֶךָּ. וְאִלֵּין יִסּוּרִין דִּרְחִימוּתָא, דִּכְלִילָן בְּסִטְרָא דָּא וּבְסִטְרָא דָּא. בְּסִטְרָא דְּמִזְרָח, קַיְּימָא נְהוֹרָא אַחֲרָא, דְּאִיהוּ קַיְּימָא בְּכָל מִלֵּי דְּאַסְוָותָא, לְמֵיעַל קַמֵּי מָארֵיהּ, כָּל אִינּוּן דְּאִתְנַשְׁיָין בְּבֵי מַרְעַיְיהוּ, וּלְקָרְבָא זִמְנִין וְקִצִין לְאִינּוּן מַרְעִין דְּאִשְׁתְּלִימוּ מְהֵימְנוּתַיְיהוּ. וְאַסְחַר עָלְמָא בְּכָל יוֹמָא וְיוֹמָא, בְּגִין לְאַשְׁלְמָא אַסְוָותָא בְּפִקּוּדָא דְּמָארִיהּ, וְהַאי (איהו) נְהוֹרָא רְפָאֵ''ל שְׁמֵיהּ. וְאַף עַל גַּב דְּהָא אוֹקִימְנָא לֵיהּ לְסִטְרָא אַחֲרָא. וְדָא אָחִיד לְסִטְרָא דָּא, וּלְסִטְרָא דָּא, לְסִטְרָא דְּמִיכָאֵל, וּלְסִטְרָא דְּגַבְרִיאֵל. וְהַאי אִיהוּ מְמָנָא, בְּשַׁעֲתָא דְּאִתְדָּן בַּר נָשׁ בְּהֵיכָלָא רְבִיעָאָה לַחַיִּים, כְּדֵין אִיהוּ אַקְדִים בְּאַסְוָותָא. וְהַאי אַסְוָותָא מִגּוֹ דְּחִיקוּ נָפְקָא, בְּגִין דְּמִתְּרֵין סִטְרִין נָפְקָא, וְהַאי דְּחִיקוּ אַתְיָא מִגּוֹ סְטָר שְׂמָאלָא, וְאַסְוָותָא מִגּוֹ סְטָר יְמִינָא. וְעַל דָּא, הַהוּא מְרַע כַּד אַתְיָא לֵיהּ אַסְוָותָא, מִגּוֹ דְּחִיקוּ סַגִּיא אַתְיָא לֵיהּ.  דף רנ''ד ע''ב וְהָכִי הוּא מִסִּטְרָא דְּמַעֲרָב, וְאַף עַל גַּב דְּאַמָרָן דִּרְפָאֵל בִּסְטָר מִזְרָח, וְאוּקְמוּהָ בִּסְטָר דָּא דְּמַעֲרָב, אַסְוָותָא וְחַיִּין לָאו אִיהוּ אֶלָּא מִסְּטָר מִזְרָח, דְּהָא (רמ''ו ע''ב) מִתַמָּן אִתְמַשְּׁכָאן חַיִּין לְתַתָא. (ובהאי סטרא דמערב), נְהוֹרָא חַד וְנוּרִיאֵ''ל שְׁמֵיהּ, וְאִיהוּ אוּרִיאֵ''ל. וְדָא אִיהוּ כָּלִיל מִכֻּלְּהוּ, וְקַיְּימָא שְׁלִיחָא בְּכֹלָּא. וְאִית לֵיהּ ג' סִטְרִין, אֲבָל תְּרֵין אִינּוּן, בְּגִין דְּכָל חַד מֵאִלֵּין כָּלִיל בְּחַבְרֵיהּ, (דף רנ''ד ע''ב) דְּאִינּוּן אַרְבַּע יְסוֹדִין תַּתָּאִין, מֵאִינּוּן אַרְבַּע יְסוֹדֵי עָלְמָא, עִלָּאִין עַל כֹּלָּא. וּבְגִין דְּכֻלְּהוּ מִתְקַשְּׁרָן דָּא בְּדָא, רָמַז קְרָא וְאָמַר, (שיר השירים ו) אֶל גִּנַּת אֱגוֹז יָרַדְתִּי לִרְאוֹת.",,דף רנד עמוד א | העמוד היומי בזוהר - פרשת פקודי | שיעור קצר,TRUE,TRUE,"דף רנד עמוד א | העמוד היומי בזוהר - פרשת פקודי | שיעור קצר
שיעור חדש- מוזמנים לצפות 
שאלות, הצעות, בקשות? כתבו לנו",FALSE,פרשת פקודי - דף רנד עמוד א,TRUE,*דף רנד עמוד א* העמוד היומי בזוהר - פרשת פקודי | שיעור קצר,FALSE,דף רנד עמוד א,TRUE,,
27/08/2026 14:51:30,"תנ""ך - ספר תהלים | הרב אלעזר אהרנסון",מזמור ט - למנצח על מות לבן מזמור לדוד - מי אומר שירה על מות בנו??,תהלים פרק ט (א) לַ֭מְנַצֵּחַ עַלְמ֥וּת לַבֵּ֗ן מִזְמ֥וֹר לְדָוִֽד: (ב) אוֹדֶ֣ה יְ֭קֹוָק בְּכָל־לִבִּ֑י אֲ֝סַפְּרָ֗ה כָּל־נִפְלְאוֹתֶֽיךָ: (ג) אֶשְׂמְחָ֣ה וְאֶעֶלְצָ֣ה בָ֑ךְ אֲזַמְּרָ֖ה שִׁמְךָ֣ עֶלְיֽוֹן: (ד) בְּשׁוּב־אוֹיְבַ֥י אָח֑וֹר יִכָּשְׁל֥וּ וְ֝יֹאבְד֗וּ מִפָּנֶֽיךָ: (ה) כִּֽי־עָ֭שִׂיתָ מִשְׁפָּטִ֣י וְדִינִ֑י יָשַׁ֥בְתָּ לְ֝כִסֵּ֗א שׁוֹפֵ֥ט צֶֽדֶק: (ו) גָּעַ֣רְתָּ ג֭וֹיִם אִבַּ֣דְתָּ רָשָׁ֑ע שְׁמָ֥ם מָ֝חִ֗יתָ לְעוֹלָ֥ם וָעֶֽד: (ז) הָֽאוֹיֵ֨ב׀ תַּ֥מּוּ חֳרָב֗וֹת לָ֫נֶ֥צַח וְעָרִ֥ים נָתַ֑שְׁתָּ אָבַ֖ד זִכְרָ֣ם הֵֽמָּה: (ח) וַֽ֭יקֹוָק לְעוֹלָ֣ם יֵשֵׁ֑ב כּוֹנֵ֖ן לַמִּשְׁפָּ֣ט כִּסְאֽוֹ: (ט) וְה֗וּא יִשְׁפֹּֽט־תֵּבֵ֥ל בְּצֶ֑דֶק יָדִ֥ין לְ֝אֻמִּ֗ים בְּמֵישָׁרִֽים: (י) וִ֮יהִ֤י יְקֹוָ֣ק מִשְׂגָּ֣ב לַדָּ֑ךְ מִ֝שְׂגָּ֗ב לְעִתּ֥וֹת בַּצָּרָֽה: (יא) וְיִבְטְח֣וּ בְ֭ךָ יוֹדְעֵ֣י שְׁמֶ֑ךָ כִּ֤י לֹֽא־עָזַ֖בְתָּ דֹרְשֶׁ֣יךָ יְקֹוָֽק: (יב) זַמְּר֗וּ לַ֭יקֹוָק יֹשֵׁ֣ב צִיּ֑וֹן הַגִּ֥ידוּ בָ֝עַמִּ֗ים עֲלִֽילוֹתָֽיו: (יג) כִּֽי־דֹרֵ֣שׁ דָּ֭מִים אוֹתָ֣ם זָכָ֑ר לֹֽא־שָׁ֝כַ֗ח צַעֲקַ֥ת עניים עֲנָוִֽים: (יד) חָֽנְנֵ֬נִי יְקֹוָ֗ק רְאֵ֣ה עָ֭נְיִי מִשֹּׂנְאָ֑י מְ֝רוֹמְמִ֗י מִשַּׁ֥עֲרֵי מָֽוֶת: (טו) לְמַ֥עַן אֲסַפְּרָ֗ה כָּֽל־תְּהִלָּ֫תֶ֥יךָ בְּשַֽׁעֲרֵ֥י בַת־צִיּ֑וֹן אָ֝גִ֗ילָה בִּישׁוּעָתֶֽךָ: (טז) טָבְע֣וּ ג֭וֹיִם בְּשַׁ֣חַת עָשׂ֑וּ בְּרֶֽשֶׁת־ז֥וּ טָ֝מָ֗נוּ נִלְכְּדָ֥ה רַגְלָֽם: (יז) נ֤וֹדַ֨ע׀ יְקֹוָק֘ מִשְׁפָּ֪ט עָ֫שָׂ֥ה בְּפֹ֣עַל כַּ֭פָּיו נוֹקֵ֣שׁ רָשָׁ֑ע הִגָּי֥וֹן סֶֽלָה: (יח) יָשׁ֣וּבוּ רְשָׁעִ֣ים לִשְׁא֑וֹלָה כָּל־גּ֝וֹיִ֗ם שְׁכֵחֵ֥י אֱלֹהִֽים: (יט) כִּ֤י לֹ֣א לָ֭נֶצַח יִשָּׁכַ֣ח אֶבְי֑וֹן תִּקְוַ֥ת ענוים עֲ֝נִיִּ֗ים תֹּאבַ֥ד לָעַֽד: (כ) קוּמָ֣ה יְ֭קֹוָק אַל־יָעֹ֣ז אֱנ֑וֹשׁ יִשָּׁפְט֥וּ ג֝וֹיִ֗ם עַל־פָּנֶֽיךָ: (כא) שִׁ֮יתָ֤ה יְקֹוָ֨ק׀ מוֹרָ֗ה לָ֫הֶ֥ם יֵדְע֥וּ גוֹיִ֑ם אֱנ֖וֹשׁ הֵ֣מָּה סֶּֽלָה: ,,"מזמור ט - למנצח על מות לבן מזמור לדוד - מי אומר שירה על מות בנו?? | תנ""ך - ספר תהלים | הרב אלעזר אהרנסון",TRUE,TRUE,"מזמור ט - למנצח על מות לבן מזמור לדוד - מי אומר שירה על מות בנו?? | תנ""ך - ספר תהלים | הרב אלעזר אהרנסון
שיעור חדש- מוזמנים לצפות 
שאלות, הצעות, בקשות? כתבו לנו",FALSE,מזמור ט - למנצח על מות לבן מזמור לדוד - מי אומר שירה על מות בנו??,TRUE,"*מזמור ט - למנצח על מות לבן מזמור לדוד - מי אומר שירה על מות בנו??* תנ""ך - ספר תהלים | הרב אלעזר אהרנסון",FALSE,מזמור ט - למנצח על מות לבן מזמור לדוד - מי אומר שירה על מות בנו??,TRUE,,
27/08/2026 16:14:33,לדוברי צרפתית - שיעורים קצרים לדרך - עבודת המידות בפרשה | הרב בן ציון שטרן,פרשת כי תבוא,,,פרשת כי תבוא | לדוברי צרפתית - שיעורים קצרים לדרך - עבודת המידות בפרשה | הרב בן ציון שטרן,TRUE,TRUE,"פרשת כי תבוא | לדוברי צרפתית - שיעורים קצרים לדרך - עבודת המידות בפרשה | הרב בן ציון שטרן
שיעור חדש- מוזמנים לצפות 
שאלות, הצעות, בקשות? כתבו לנו",FALSE,פרשת כי תבוא,FALSE,*פרשת כי תבוא* לדוברי צרפתית - שיעורים קצרים לדרך - עבודת המידות בפרשה | הרב בן ציון שטרן,FALSE,פרשת כי תבוא,TRUE,,
27/08/2026 17:22:14,שיעור עיון בזוהר - פרשת יתרו | הרב יהושע ויצמן,דף פג עמוד א #2 - טל השמים ונחלת יעקב,"פג ע""א: ""אמר רבי אבא לרבי שמעון"" - עד: ""עלאה ממאי דחשבנא""",https://drive.google.com/file/d/1c2IfL_Mbt3ux9EQ9Lf9P3kJkxjgKVVfy/view?usp=drive_link,דף פג עמוד א #2 - טל השמים ונחלת יעקב | שיעור עיון בזוהר - פרשת יתרו | הרב יהושע ויצמן,TRUE,TRUE,"דף פג עמוד א #2 - טל השמים ונחלת יעקב | שיעור עיון בזוהר - פרשת יתרו | הרב יהושע ויצמן
שיעור חדש- מוזמנים לצפות 
שאלות, הצעות, בקשות? כתבו לנו",FALSE,פרשת יתרו - דף פג עמוד א #2 - טל השמים ונחלת יעקב,TRUE,*דף פג עמוד א #2 - טל השמים ונחלת יעקב* שיעור עיון בזוהר - פרשת יתרו | הרב יהושע ויצמן,FALSE,דף פג עמוד א #2 - טל השמים ונחלת יעקב,TRUE,,
27/08/2026 18:41:49,"נ""ך | הרב מנשה וינר","ספר שופטים - המשך פרק א' - כיבוש ירושלים, האמנם?",,,"ספר שופטים - המשך פרק א' - כיבוש ירושלים, האמנם? | נ""ך | הרב מנשה וינר",TRUE,TRUE,"ספר שופטים - המשך פרק א' - כיבוש ירושלים, האמנם? | נ""ך | הרב מנשה וינר
שיעור חדש- מוזמנים לצפות 
שאלות, הצעות, בקשות? כתבו לנו",FALSE,"ספר שופטים - המשך פרק א' - כיבוש ירושלים, האמנם?",FALSE,"*ספר שופטים - המשך פרק א' - כיבוש ירושלים, האמנם?* נ""ך | הרב מנשה וינר",FALSE,"ספר שופטים - המשך פרק א' - כיבוש ירושלים, האמנם?",TRUE,,
27/08/2026 19:27:22,מוסר | הרב יהושע ויצמן,מלוך על כל העולם כולו בכבודך,,,מלוך על כל העולם כולו בכבודך | מוסר | הרב יהושע ויצמן,TRUE,TRUE,"מלוך על כל העולם כולו בכבודך | מוסר | הרב יהושע ויצמן
שיעור חדש- מוזמנים לצפות 
שאלות, הצעות, בקשות? כתבו לנו",FALSE,מלוך על כל העולם כולו בכבודך,TRUE,*מלוך על כל העולם כולו בכבודך* מוסר | הרב יהושע ויצמן,FALSE,מלוך על כל העולם כולו בכבודך,TRUE,,
28/08/2026 08:27:49,העמוד היומי בזוהר - פרשת פקודי | שיעור קצר,דף רנד עמוד ב,"אִינּוּן תְּרֵיסָר נְהוֹרִין, קַיְימִין בְּהַהוּא רוּחָא דְּקַאמְרָן, וְהַהוּא רוּחָא עָלַיְיהוּ בִּשְׁלִימוּ, אִלֵּין אַרְבַּע נְהוֹרִין עִלָּאִין, אִית תְּחוֹתַיְיהוּ תְּמַנְיָא אַחֲרָנִין, לְמֶהֱוֵי בִּשְׁלִימוּ, וּבְכֻלְּהוּ שְׁלִימוּ חַד (ירדתי לראות אלין ארבע נהורין עלאין אית תחותייהו תמניא אחרנין ואינון תריסר נהורין דקימין תחות ההוא רוחא דקאמרן וההוא רוחא עלייהו בשלימו למהוי בכלהו שלימו חד), וְכַד מִתְפָּרְשִׁין כֻּלְּהוּ, אִינּוּן תְּלַת לְכָל סְטָר. אִלֵּין אַרְבַּע סַמְכִין, קַיְימִין לְסַלְּקָא וּלְאִתְאַחֲדָא הַאי הֵיכָלָא לְעֵילָּא, בַּאֲתָר דְּאִקְרֵי שָׁמַיִם, לְאִתְחַבְּרָא נְשִׁיקִין אִלֵּין בְּאִלֵּין כַּחֲדָא. תְּחוֹת אִלֵּין, כַּמָה דַּרְגִּין לְדַרְגִּין, כֻּלְּהוּ נַפְקֵי מִנַּיְיהוּ, מֵאִלֵּין יְסוֹדִין תַּתָּאִין, מִנַּיְיהוּ מִסִּטְרָא דְּמַיָּא, וּמִנַּיְיהוּ מִסִּטְרָא דְּאֶשָּׁא, וּמִנַּיְיהוּ מִסִּטְרָא דְּרוּחָא, וּמִנַּיְיהוּ מִסִּטְרָא דְּעַפְרָא. כְּגַוְונָא דָּא תָּנִינָן, אַרְבָּעָה נִכְנְסוּ לַפַּרְדֵס, וְכֻלְּהוּ אִתְבְּרִירוּ לְדוּכְתָּא דָּא, לְאִלֵּין אַרְבַּע יְסוֹדֵי. וְכָל חַד וְחַד אִתְקָשָּׁר בְּדוּכְתֵּיהּ, דָּא בְּסִטְרָא דְּאֶשָּׁא, וְדָא בְּסִטְרָא דְּמַיָּא, וְדָא בְּסִטְרָא דְּרוּחָא, וְדָא בְּסִטְרָא דְּעַפְרָא. וְכֻלְּהוּ אַטְבָּעוּ בִּיסוֹדָא דִּילֵיהּ, כְּמָה דְּאָעֲלוּ. בַּר הַהוּא שְׁלֵימָא חֲסִידָא, דְּאַתְיָא בְּסִטְרָא דִּימִינָא, וְאִתְדָּבַּק בִּימִינָא, וְסָלִיק לְעֵילָּא. וְכַד מָטָא לְהַאי אֲתָר דְּאִקְרֵי הֵיכָל אַהֲבָה, אִתְדָּבַּק בֵּיהּ בִּרְעוּ דְּלִבָּא. אָמַר, הַאי הֵיכָלָא, צְרִיכָא אִיהוּ לְדַבְּקָא לֵיהּ, בְּהֵיכָלָא דִּלְעֵילָּא, בְּאַהֲבָה רַבָּה. כְּדֵין אִשְׁתְּלִים בְּרָזָא דִּמְהֵימְנוּתָא, וְאִיהוּ סָלִיק וְאַשְׁלִים אַהֲבָה זוּטָא בְּאַהֲבָה רַבָּא, כַּדְקָא חֲזֵי. וְעַל דָּא מִית בְּאַהֲבָה, וְנָפַק נִשְׁמָתֵיהּ בְּהַאי קְרָא, (דברים ו) וְאָהַבְתָּ. זַכָּאָה חוּלָקֵיהּ. כָּל אִינּוּן אַחֲרָנִין, נַחְתוּ לְתַתָא כָּל חַד וְחַד, וְאִתְעֲנָשׁוּ בְּהַהוּא יְסוֹדָא דְּנָחַת לְתַתָא. אֱלִישָׁע נָחַת לְתַתָא בִּסְטָר שְׂמָאלָא, דְּאִיהוּ אֶשָּׁא, וְנָחִית בֵּיהּ וְלָא סָלִיק, וְאִעְרַע בְּהַהוּא סִטְרָא אַחֲרָא, דְּאִקְרֵי אֵל אַחֵר. וְאִתְמְנַע מִנֵּיהּ תְּשׁוּבָה, וְאִתְתָרַךְ בְּגִין דְּאִתְדָּבַּק בֵּיהּ, וְעַל דָּא אִקְרֵי אַחֵר, וְאוֹקִימְנָא. בֶּן עֲזָאי, נָחִית בִּיסוֹדָא דְּעַפְרָא, וְעַד לָא מָטָא לְאוֹקִידוּ דְּעַפְרָא, דְּמָטֵי לְהַהוּא סְטָר אַחֲרָא, אַטְבַע בְּהַהוּא עַפְרָא, וּמִית. וְעַל דָּא כְּתִיב, (תהלים קטז) יָקָר בְּעֵינֵי יְיָ' הַמָּוְתָה לַחֲסִידָיו. בֶּן זוֹמָא, נָחִית בִּיסוֹדָא דְּרוּחָא, וְאִעְרַע בְּרוּחָא אַחֲרָא, דְּמָטָא לִסְטַר מְסַאֲבָא, דְּאִקְרֵי פֶּגַע רַע, וּבְגִין כַּךְ פָּגַע בֵּיהּ, וְלָא אִתְיָישָׁב בֵּיהּ, וְכֻלְּהוּ לָא אִשְׁתֵּזָבָן מֵעוֹנְשָׁא. וְעַל דָּא אָמַר שְׁלמֹה, (קהלת ח) יֵשׁ הֶבֶל אֲשֶׁר נַעֲשָׂה עַל הָאָרֶץ אֲשֶׁר יֵשׁ צַדִּיקִים שֶׁמַּגִיעַ אֲלֵיהֶם כְּמַעֲשֵׂה הָרְשָׁעִים. בְּגִין דְּאִלֵּין נַחְתוּ בְּדַרְגִּין אִלֵּין, וְאִתְעֲנָשׁוּ. תָּא חֲזֵי, בְּגִין דְּרִבִּי עֲקִיבָא סָלִיק לְעֵילָּא כְּדְקָא יֵאוֹת, עָאל בִּשְׁלָם וְנָפַק בִּשְׁלָם. דָּוִד שָׁאִיל שְׁאֶלְתָּא, וְלָא אִתְפְּרַשׁ, דִּכְתִיב (תהלים יז) מִמְתִים יָדְךָ יְיָ' מִמְתִים מֵחֶלֶד חֶלְקָם בַּחַיִּים. (ס''א תוהא) עַל מַה דָּא אִלֵּין דְּאִתְקְטָלוּ בְּקָטוּלֵי עָלְמָא צַדִיקַיָּיא, זַכָּאִין דְּלָא חָאבוּ חוֹבָה בְּגִין דְּיִתְעָנְשׁוּן. תָּא חֲזֵי, מִמְתִים יָדְךָ יְיָ', מִמְתִים מֵחֶלֶד חֶלְקָם בַּחַיִּים, הָכָא אִיהוּ תְּרֵי סִטְרֵי, יָדְךָ יְיָ'. וְחֶלֶד. יָדְךָ יְיָ', דָּא קוּדְשָׁא בְּרִיךְ הוּא, דְּנִשְׁמְתָא אִתְכְּנִישׁ לְגַבֵּיהּ. מִמְתִים מֵחֶלֶד, דָּא סִטְרָא אַחֲרָא, דְּגוּפָא אִיהוּ שַׁלְטָא עֲלוֹי, דִּכְתִיב (ישעיה לח) לא אַבִּיט אָדָם עוֹד עִם יוֹשְבֵי חָדֶל. תָּא חֲזֵי, נִשְׁמְתָא דְּאִלֵּין, לְאַשְׁלָמוּתָא דְּרוּחָא קַדִישָׁא, דִּלְהוֹן עֲשָׂרָה רוּחִין מִתַּתָא כְּדְקָא יֵאוֹת, וְגוּפָא דִּלְהוֹן יִתְמְסָר לְמַלְכוּ חַיָּיבָא. כָּל חַד נָטִיל חוּלָקֵיהּ, בְּרָזָא דְּקָרְבְּנִין. וְתָא חֲזֵי, רֵישָׁא שֵׁירוּתָא דִּמְהֵימְנוּתָא, גּוֹ מַחֲשָׁבָה, בָּטַשׁ בּוּצִינָא דְּקַרְדִינוּתָא, וְסָלִיק גּוֹ מַחֲשָׁבָה, (ס''א ואפיק) נִצוֹצִין, נְצִיצִין זָרִיק (ויקרא רצ''ב ע''ב) לִתְלַת מֵאָה וְעֶשְׂרִין עֵיבָר, וּבָרִיר פְּסוֹלֶת מִגּוֹ מַחֲשָׁבָה, וְאִתְבְּרִיר.  דף רנ''ה ע''א אוּף הָכִי, כְּגַוְונָא דָּא סָלִיק בְּמַחֲשָׁבָה, כְּמָה דְּאִתְבְּרַר בֵּיהּ פְּסוֹלֶת, (ס''א ויתבריר אוף הכי, אלין בהו אשתלים מאן דאצטריך, ודאי כך סליק במחשבה וכלא) וְיִתְבְּרִיר אִלֵּין, בְּהוּ אִשְׁתְּלִים מַאן דְּאִצְטְרִיךְ, ודָאי כַּד סָלִיק, בְּמַחֲשָׁבָה סָלִיק וְכֹלָּא (דף רנ''ה ע''א) כְּמָה דְּאִצְטְרִיךְ. חִידוּ מִסִּטְרָא דָּא, וַעֲצִיבוּ מִסִּטְרָא דָּא.",,דף רנד עמוד ב | העמוד היומי בזוהר - פרשת פקודי | שיעור קצר,TRUE,TRUE,"דף רנד עמוד ב | העמוד היומי בזוהר - פרשת פקודי | שיעור קצר
שיעור חדש- מוזמנים לצפות 
שאלות, הצעות, בקשות? כתבו לנו",FALSE,פרשת פקודי - דף רנד עמוד ב,TRUE,*דף רנד עמוד ב* העמוד היומי בזוהר - פרשת פקודי | שיעור קצר,FALSE,דף רנד עמוד ב,TRUE,,
28/08/2026 09:41:59,עיונים בפרשת השבוע | הרב מנשה וינר,פרשת כי תבוא - בין שמים לארץ - משה רבנו לתורה שבעל פה,,,פרשת כי תבוא - בין שמים לארץ - משה רבנו לתורה שבעל פה | עיונים בפרשת השבוע | הרב מנשה וינר,TRUE,TRUE,"פרשת כי תבוא - בין שמים לארץ - משה רבנו לתורה שבעל פה | עיונים בפרשת השבוע | הרב מנשה וינר
שיעור חדש- מוזמנים לצפות 
שאלות, הצעות, בקשות? כתבו לנו",FALSE,פרשת כי תבוא - בין שמים לארץ - משה רבנו לתורה שבעל פה,TRUE,*פרשת כי תבוא - בין שמים לארץ - משה רבנו לתורה שבעל פה* עיונים בפרשת השבוע | הרב מנשה וינר,FALSE,פרשת כי תבוא - בין שמים לארץ - משה רבנו לתורה שבעל פה,TRUE,,
28/08/2026 11:28:04,שיעור עיון בזוהר - פרשת יתרו | הרב יהושע ויצמן,דף פג עמוד א #3 - מי ימלל וקטפת מלילות,"פג ע""א: ""תאנא מי ימלל"" - עד: ""מלאה הארץ""",https://drive.google.com/file/d/1TH1-ad0oIUmN_LVqYiEveLY5w2MaWWG9/preview,דף פג עמוד א #3 - מי ימלל וקטפת מלילות | שיעור עיון בזוהר - פרשת יתרו | הרב יהושע ויצמן,TRUE,TRUE,"דף פג עמוד א #3 - מי ימלל וקטפת מלילות | שיעור עיון בזוהר - פרשת יתרו | הרב יהושע ויצמן
שיעור חדש- מוזמנים לצפות 
שאלות, הצעות, בקשות? כתבו לנו",FALSE,פרשת יתרו - דף פג עמוד א #3 - מי ימלל וקטפת מלילות,TRUE,*דף פג עמוד א #3 - מי ימלל וקטפת מלילות* שיעור עיון בזוהר - פרשת יתרו | הרב יהושע ויצמן,FALSE,דף פג עמוד א #3 - מי ימלל וקטפת מלילות,TRUE,,
30/08/2026 11:25:21,שיעור עיון בזוהר - פרשת יתרו | הרב יהושע ויצמן,דף פג עמוד א #4 - השבת נשמות ישראל שפרחו,"פג ע""א: ""אמר רבי שמעון כתיב ונהר"" - עד פג ע""ב: ""כל מילה ומילה""",https://drive.google.com/file/d/1hFfjaHZHHNuFix-MzOP-0l0nxfsiPc_R/preview,דף פג עמוד א #4 - השבת נשמות ישראל שפרחו | שיעור עיון בזוהר - פרשת יתרו | הרב יהושע ויצמן,TRUE,TRUE,"דף פג עמוד א #4 - השבת נשמות ישראל שפרחו | שיעור עיון בזוהר - פרשת יתרו | הרב יהושע ויצמן
שיעור חדש- מוזמנים לצפות 
שאלות, הצעות, בקשות? כתבו לנו",FALSE,פרשת יתרו - דף פג עמוד א #4 - השבת נשמות ישראל שפרחו,TRUE,*דף פג עמוד א #4 - השבת נשמות ישראל שפרחו* שיעור עיון בזוהר - פרשת יתרו | הרב יהושע ויצמן,FALSE,דף פג עמוד א #4 - השבת נשמות ישראל שפרחו,TRUE,,
30/08/2026 14:54:04,"תנ""ך - ספר תהלים | הרב אלעזר אהרנסון",מזמור י - למה רבונו של עולם למה?,תהלים פרק י (א) לָמָ֣ה יְ֭קֹוָק תַּעֲמֹ֣ד בְּרָח֑וֹק תַּ֝עְלִ֗ים לְעִתּ֥וֹת בַּצָּֽרָה: (ב) בְּגַאֲוַ֣ת רָ֭שָׁע יִדְלַ֣ק עָנִ֑י יִתָּפְשׂ֓וּ׀ בִּמְזִמּ֖וֹת ז֣וּ חָשָֽׁבוּ: (ג) כִּֽי־הִלֵּ֣ל רָ֭שָׁע עַל־תַּאֲוַ֣ת נַפְשׁ֑וֹ וּבֹצֵ֥עַ בֵּ֝רֵ֗ךְ נִ֮אֵ֥ץ׀ יְקֹוָֽק: (ד) רָשָׁ֗ע כְּגֹ֣בַהּ אַ֭פּוֹ בַּל־יִדְרֹ֑שׁ אֵ֥ין אֱ֝לֹהִ֗ים כָּל־מְזִמּוֹתָֽיו: (ה) יָ֮חִ֤ילוּ דרכו דְרָכָ֨יו׀ בְּכָל־עֵ֗ת מָר֣וֹם מִ֭שְׁפָּטֶיךָ מִנֶּגְדּ֑וֹ כָּל־צ֝וֹרְרָ֗יו יָפִ֥יחַ בָּהֶֽם: (ו) אָמַ֣ר בְּ֭לִבּוֹ בַּל־אֶמּ֑וֹט לְדֹ֥ר וָ֝דֹ֗ר אֲשֶׁ֣ר לֹֽא־בְרָֽע: (ז) אָלָ֤ה פִּ֣יהוּ מָ֭לֵא וּמִרְמ֣וֹת וָתֹ֑ךְ תַּ֥חַת לְ֝שׁוֹנ֗וֹ עָמָ֥ל וָאָֽוֶן: (ח) יֵשֵׁ֤ב׀ בְּמַאְרַ֬ב חֲצֵרִ֗ים בַּֽ֭מִּסְתָּרִים יַהֲרֹ֣ג נָקִ֑י עֵ֝ינָ֗יו לְֽחֵלְכָ֥ה יִצְפֹּֽנוּ: (ט) יֶאֱרֹ֬ב בַּמִּסְתָּ֨ר׀ כְּאַרְיֵ֬ה בְסֻכֹּ֗ה יֶ֭אֱרֹב לַחֲט֣וֹף עָנִ֑י יַחְטֹ֥ף עָ֝נִ֗י בְּמָשְׁכ֥וֹ בְרִשְׁתּֽוֹ: (י) ודכה יִדְכֶּ֥ה יָשֹׁ֑חַ וְנָפַ֥ל בַּ֝עֲצוּמָ֗יו חלכאים חֵ֣יל כָּאִֽים: (יא) אָמַ֣ר בְּ֭לִבּוֹ שָׁ֣כַֽח אֵ֑ל הִסְתִּ֥יר פָּ֝נָ֗יו בַּל־רָאָ֥ה לָנֶֽצַח: (יב) קוּמָ֤ה יְקֹוָ֗ק אֵ֭ל נְשָׂ֣א יָדֶ֑ךָ אַל־תִּשְׁכַּ֥ח עניים עֲנָוִֽים: (יג) עַל־מֶ֤ה׀ נִאֵ֖ץ רָשָׁ֥ע׀ אֱלֹהִ֑ים אָמַ֥ר בְּ֝לִבּ֗וֹ לֹ֣א תִדְרֹֽשׁ: (יד) רָאִ֡תָה כִּֽי־אַתָּ֤ה׀ עָ֮מָ֤ל וָכַ֨עַס׀ תַּבִּיט֘ לָתֵ֪ת בְּיָ֫דֶ֥ךָ עָ֭לֶיךָ יַעֲזֹ֣ב חֵלֶ֑כָה יָ֝ת֗וֹם אַתָּ֤ה׀ הָיִ֡יתָ עוֹזֵֽר: (טו) שְׁ֭בֹר זְר֣וֹעַ רָשָׁ֑ע וָ֝רָ֗ע תִּֽדְרוֹשׁ־רִשְׁע֥וֹ בַל־תִּמְצָֽא: (טז) יְקֹוָ֣ק מֶ֭לֶךְ עוֹלָ֣ם וָעֶ֑ד אָבְד֥וּ ג֝וֹיִ֗ם מֵֽאַרְצֽוֹ: (יז) תַּאֲוַ֬ת עֲנָוִ֣ים שָׁמַ֣עְתָּ יְקֹוָ֑ק תָּכִ֥ין לִ֝בָּ֗ם תַּקְשִׁ֥יב אָזְנֶֽךָ: (יח) לִשְׁפֹּ֥ט יָת֗וֹם וָ֫דָ֥ךְ בַּל־יוֹסִ֥יף ע֑וֹד לַעֲרֹ֥ץ אֱ֝נ֗וֹשׁ מִן־הָאָֽרֶץ: ,,"מזמור י - למה רבונו של עולם למה? | תנ""ך - ספר תהלים | הרב אלעזר אהרנסון",TRUE,TRUE,"מזמור י - למה רבונו של עולם למה? | תנ""ך - ספר תהלים | הרב אלעזר אהרנסון
שיעור חדש- מוזמנים לצפות 
שאלות, הצעות, בקשות? כתבו לנו",FALSE,מזמור י - למה רבונו של עולם למה?,TRUE,"*מזמור י - למה רבונו של עולם למה?* תנ""ך - ספר תהלים | הרב אלעזר אהרנסון",FALSE,מזמור י - למה רבונו של עולם למה?,TRUE,,
30/08/2026 15:08:34,השתלשלות סידור התפילה | ר' משה צבי וידר,ברכות התורה,,,ברכות התורה | השתלשלות סידור התפילה | ר' משה צבי וידר,TRUE,TRUE,"ברכות התורה | השתלשלות סידור התפילה | ר' משה צבי וידר
שיעור חדש- מוזמנים לצפות 
שאלות, הצעות, בקשות? כתבו לנו",FALSE,ברכות התורה,FALSE,*ברכות התורה* השתלשלות סידור התפילה | ר' משה צבי וידר,FALSE,ברכות התורה,TRUE,,
30/08/2026 19:32:30,אורות התשובה | הרב יהושע וייצן,פרק א' -מערכות התשובה והתשובה הגופנית והטבעית נפשית,,,פרק א' -מערכות התשובה והתשובה הגופנית והטבעית נפשית | אורות התשובה | הרב יהושע וייצן,FALSE,FALSE,"פרק א' -מערכות התשובה והתשובה הגופנית והטבעית נפשית | אורות התשובה | הרב יהושע וייצן
שיעור חדש- מוזמנים לצפות 
שאלות, הצעות, בקשות? כתבו לנו",FALSE,פרק א' -מערכות התשובה והתשובה הגופנית והטבעית נפשית,FALSE,*פרק א' -מערכות התשובה והתשובה הגופנית והטבעית נפשית* אורות התשובה | הרב יהושע וייצן,FALSE,פרק א' -מערכות התשובה והתשובה הגופנית והטבעית נפשית,FALSE,,
31/08/2026 09:11:55,עִתִּים לַתּוֹרָה - השוואות במקרא | הרב דוד הורן,השוואה בין אדם למשה,,,השוואה בין אדם למשה | עִתִּים לַתּוֹרָה - השוואות במקרא | הרב דוד הורן,TRUE,TRUE,"השוואה בין אדם למשה | עִתִּים לַתּוֹרָה - השוואות במקרא | הרב דוד הורן
שיעור חדש- מוזמנים לצפות 
שאלות, הצעות, בקשות? כתבו לנו",FALSE,השוואות במקרא | הרב דוד הורן - השוואה בין אדם למשה,TRUE,*השוואה בין אדם למשה* עִתִּים לַתּוֹרָה - השוואות במקרא | הרב דוד הורן,FALSE,השוואה בין אדם למשה,TRUE,,
31/08/2026 09:43:43,עִתִּים לַתּוֹרָה - גאולה בפרשה | הרב מאור כהן,ניצבים - והשבות אל לבבך,,,ניצבים - והשבות אל לבבך | עִתִּים לַתּוֹרָה - גאולה בפרשה | הרב מאור כהן,TRUE,TRUE,"ניצבים - והשבות אל לבבך | עִתִּים לַתּוֹרָה - גאולה בפרשה | הרב מאור כהן
שיעור חדש- מוזמנים לצפות 
שאלות, הצעות, בקשות? כתבו לנו",FALSE,גאולה בפרשה | הרב מאור כהן - ניצבים - והשבות אל לבבך,TRUE,*ניצבים - והשבות אל לבבך* עִתִּים לַתּוֹרָה - גאולה בפרשה | הרב מאור כהן,FALSE,ניצבים - והשבות אל לבבך,TRUE,,
31/08/2026 10:31:46,"עִתִּים לַתּוֹרָה - עיונים ברש""י חומש שמות | הרב בן ציון שטרן",פרשת בשלח - דרך ארץ פלישתים,,,"פרשת בשלח - דרך ארץ פלישתים | עִתִּים לַתּוֹרָה - עיונים ברש""י חומש שמות | הרב בן ציון שטרן",TRUE,TRUE,"פרשת בשלח - דרך ארץ פלישתים | עִתִּים לַתּוֹרָה - עיונים ברש""י חומש שמות | הרב בן ציון שטרן
שיעור חדש- מוזמנים לצפות 
שאלות, הצעות, בקשות? כתבו לנו",FALSE,"עיונים ברש""י חומש שמות | הרב בן ציון שטרן - פרשת בשלח - דרך ארץ פלישתים",TRUE,"*פרשת בשלח - דרך ארץ פלישתים* עִתִּים לַתּוֹרָה - עיונים ברש""י חומש שמות | הרב בן ציון שטרן",FALSE,פרשת בשלח - דרך ארץ פלישתים,TRUE,,
31/08/2026 13:23:14,עִתִּים לַתּוֹרָה - הלכות שבת ומועד | הרב מיכאל אזרד,ראש השנה,,,ראש השנה | עִתִּים לַתּוֹרָה - הלכות שבת ומועד | הרב מיכאל אזרד,TRUE,TRUE,"ראש השנה | עִתִּים לַתּוֹרָה - הלכות שבת ומועד | הרב מיכאל אזרד
שיעור חדש- מוזמנים לצפות 
שאלות, הצעות, בקשות? כתבו לנו",FALSE,הלכות שבת ומועד | הרב מיכאל אזרד - ראש השנה,TRUE,*ראש השנה* עִתִּים לַתּוֹרָה - הלכות שבת ומועד | הרב מיכאל אזרד,FALSE,ראש השנה,TRUE,,
31/08/2026 17:23:24,שיעור עיון בזוהר - פרשת יתרו | הרב יהושע ויצמן,דף פג עמוד ב #1 - התפשטות ותולדות,"פג ע""ב: ""אמר רבי שמעון כל מילה"" - עד: ""גזרין ועונשין""",https://drive.google.com/file/d/14ySliT1NSwpjfmO2zjRJ-MC7RBzYqJBR/preview,דף פג עמוד ב #1 - התפשטות ותולדות | שיעור עיון בזוהר - פרשת יתרו | הרב יהושע ויצמן,TRUE,TRUE,"דף פג עמוד ב #1 - התפשטות ותולדות | שיעור עיון בזוהר - פרשת יתרו | הרב יהושע ויצמן
שיעור חדש- מוזמנים לצפות 
שאלות, הצעות, בקשות? כתבו לנו",FALSE,פרשת יתרו - דף פג עמוד ב #1 - התפשטות ותולדות,TRUE,*דף פג עמוד ב #1 - התפשטות ותולדות* שיעור עיון בזוהר - פרשת יתרו | הרב יהושע ויצמן,FALSE,דף פג עמוד ב #1 - התפשטות ותולדות,TRUE,,
31/08/2026 19:37:20,שם משמואל | הרב מרדכי פרומר,פרשת נצבים - נופל וקם ,,,פרשת נצבים - נופל וקם  | שם משמואל | הרב מרדכי פרומר,TRUE,TRUE,"פרשת נצבים - נופל וקם  | שם משמואל | הרב מרדכי פרומר
שיעור חדש- מוזמנים לצפות 
שאלות, הצעות, בקשות? כתבו לנו",FALSE,פרשת נצבים - נופל וקם ,FALSE,*פרשת נצבים - נופל וקם * שם משמואל | הרב מרדכי פרומר,FALSE,פרשת נצבים - נופל וקם ,TRUE,,
01/09/2026 06:54:05,"תנ""ך - ספר תהלים | הרב אלעזר אהרנסון",מזמור יא - ה' צדיק יבחן,תהלים פרק יא (א) לַמְנַצֵּ֗חַ לְדָ֫וִ֥ד בַּֽיקֹוָ֨ק׀ חָסִ֗יתִי אֵ֭יךְ תֹּאמְר֣וּ לְנַפְשִׁ֑י נודו נ֝֗וּדִי הַרְכֶ֥ם צִפּֽוֹר: (ב) כִּ֤י הִנֵּ֢ה הָרְשָׁעִ֡ים יִדְרְכ֬וּן קֶ֗שֶׁת כּוֹנְנ֣וּ חִצָּ֣ם עַל־יֶ֑תֶר לִיר֥וֹת בְּמוֹ־אֹ֝֗פֶל לְיִשְׁרֵי־לֵֽב: (ג) כִּ֣י הַ֭שָּׁתוֹת יֵֽהָרֵס֑וּן צַ֝דִּ֗יק מַה־פָּעָֽל: (ד) יְקֹוָ֤ק׀ בְּֽהֵ֮יכַ֤ל קָדְשׁ֗וֹ יְקֹוָק֘ בַּשָּׁמַ֪יִם כִּ֫סְא֥וֹ עֵינָ֥יו יֶחֱז֑וּ עַפְעַפָּ֥יו יִ֝בְחֲנ֗וּ בְּנֵ֣י אָדָֽם: (ה) יְקֹוָק֘ צַדִּ֪יק יִ֫בְחָ֥ן וְ֭רָשָׁע וְאֹהֵ֣ב חָמָ֑ס שָֽׂנְאָ֥ה נַפְשֽׁוֹ: (ו) יַמְטֵ֥ר עַל־רְשָׁעִ֗ים פַּ֫חִ֥ים אֵ֣שׁ וְ֭גָפְרִית וְר֥וּחַ זִלְעָפ֗וֹת מְנָ֣ת כּוֹסָֽם: (ז) כִּֽי־צַדִּ֣יק יְ֭קֹוָק צְדָק֣וֹת אָהֵ֑ב יָ֝שָׁ֗ר יֶחֱז֥וּ פָנֵֽימוֹ: ,,"מזמור יא - ה' צדיק יבחן | תנ""ך - ספר תהלים | הרב אלעזר אהרנסון",TRUE,TRUE,"מזמור יא - ה' צדיק יבחן | תנ""ך - ספר תהלים | הרב אלעזר אהרנסון
שיעור חדש- מוזמנים לצפות 
שאלות, הצעות, בקשות? כתבו לנו",FALSE,מזמור יא - ה' צדיק יבחן,TRUE,"*מזמור יא - ה' צדיק יבחן* תנ""ך - ספר תהלים | הרב אלעזר אהרנסון",FALSE,מזמור יא - ה' צדיק יבחן,TRUE,,
01/09/2026 06:56:12,"תנ""ך - ספר תהלים | הרב אלעזר אהרנסון",מזמור יב - מלחמה של מילים: שפת חלקות כנגד האמרות הטהורות,תהלים פרק יב (א) לַמְנַצֵּ֥חַ עַֽל־הַשְּׁמִינִ֗ית מִזְמ֥וֹר לְדָוִֽד: (ב) הוֹשִׁ֣יעָה יְ֭קֹוָק כִּי־גָמַ֣ר חָסִ֑יד כִּי־פַ֥סּוּ אֱ֝מוּנִ֗ים מִבְּנֵ֥י אָדָֽם: (ג) שָׁ֤וְא׀ יְֽדַבְּרוּ֘ אִ֤ישׁ אֶת־רֵ֫עֵ֥הוּ שְׂפַ֥ת חֲלָק֑וֹת בְּלֵ֖ב וָלֵ֣ב יְדַבֵּֽרוּ: (ד) יַכְרֵ֣ת יְ֭קֹוָק כָּל־שִׂפְתֵ֣י חֲלָק֑וֹת לָ֝שׁ֗וֹן מְדַבֶּ֥רֶת גְּדֹלֽוֹת: (ה) אֲשֶׁ֤ר אָֽמְר֨וּ׀ לִלְשֹׁנֵ֣נוּ נַ֭גְבִּיר שְׂפָתֵ֣ינוּ אִתָּ֑נוּ מִ֖י אָד֣וֹן לָֽנוּ: (ו) מִשֹּׁ֥ד עֲנִיִּים֘ מֵאַנְקַ֪ת אֶבְי֫וֹנִ֥ים עַתָּ֣ה אָ֭קוּם יֹאמַ֣ר יְקֹוָ֑ק אָשִׁ֥ית בְּ֝יֵ֗שַׁע יָפִ֥יחַֽ לֽוֹ: (ז) אִֽמֲר֣וֹת יְקֹוָק֘ אֲמָר֪וֹת טְהֹ֫ר֥וֹת כֶּ֣סֶף צָ֭רוּף בַּעֲלִ֣יל לָאָ֑רֶץ מְ֝זֻקָּ֗ק שִׁבְעָתָֽיִם: (ח) אַתָּֽה־יְקֹוָ֥ק תִּשְׁמְרֵ֑ם תִּצְּרֶ֓נּוּ׀ מִן־הַדּ֖וֹר ז֣וּ לְעוֹלָֽם: (ט) סָבִ֗יב רְשָׁעִ֥ים יִתְהַלָּכ֑וּן כְּרֻ֥ם זֻ֝לּ֗וּת לִבְנֵ֥י אָדָֽם: ,,"מזמור יב - מלחמה של מילים: שפת חלקות כנגד האמרות הטהורות | תנ""ך - ספר תהלים | הרב אלעזר אהרנסון",TRUE,TRUE,"מזמור יב - מלחמה של מילים: שפת חלקות כנגד האמרות הטהורות | תנ""ך - ספר תהלים | הרב אלעזר אהרנסון
שיעור חדש- מוזמנים לצפות 
שאלות, הצעות, בקשות? כתבו לנו",FALSE,מזמור יב - מלחמה של מילים: שפת חלקות כנגד האמרות הטהורות,TRUE,"*מזמור יב - מלחמה של מילים: שפת חלקות כנגד האמרות הטהורות* תנ""ך - ספר תהלים | הרב אלעזר אהרנסון",FALSE,מזמור יב - מלחמה של מילים: שפת חלקות כנגד האמרות הטהורות,TRUE,,
01/09/2026 09:08:19,שיחות בנושאים שונים | הרב יהושע ויצמן,"מדברים אמונה -הרב נעם אוסטר בשיחה עם דוידי שלם - תופעת הדתל""שים?",לגבי השם של המעבירים לא יוגע כמה קריטי,,"מדברים אמונה -הרב נעם אוסטר בשיחה עם דוידי שלם - תופעת הדתל""שים? | שיחות בנושאים שונים | הרב יהושע ויצמן",FALSE,FALSE,"מדברים אמונה -הרב נעם אוסטר בשיחה עם דוידי שלם - תופעת הדתל""שים? | שיחות בנושאים שונים | הרב יהושע ויצמן
שיעור חדש- מוזמנים לצפות 
שאלות, הצעות, בקשות? כתבו לנו",FALSE,"מדברים אמונה -הרב נעם אוסטר בשיחה עם דוידי שלם - תופעת הדתל""שים?",FALSE,"*מדברים אמונה -הרב נעם אוסטר בשיחה עם דוידי שלם - תופעת הדתל""שים?* שיחות בנושאים שונים | הרב יהושע ויצמן",FALSE,"מדברים אמונה -הרב נעם אוסטר בשיחה עם דוידי שלם - תופעת הדתל""שים?",FALSE,,
01/09/2026 11:31:09,העמוד היומי בזוהר - פרשת פקודי | שיעור קצר,דף רנה עמוד א,"כְּתִיב (קהלת ח) וְשִׁבַּחְתִּי אֲנִי אֶת הַשִּׂמְחָה אֲשֶׁר אֵין טוֹב לָאָדָם תַּחַת הַשֶּׁמֶשׁ כִּי אִם לֶאֱכוֹל וְלִשְׁתּוֹת וְלִשְׂמוֹחַ וְהוּא יִלְוֶנּוּ בַּעֲמָלוֹ יְמֵי חַיָיו אֲשֶׁר נָתַן לוֹ הָאֱלהִים תַּחַת הַשָּׁמֶשׁ. וְשִׁבַּחְתִּי אֲנִי אֶת הַשִּׂמְחָה, וְכִי שְׁלמֹה מַלְכָּא מְשַׁבַּח דָּא. אֶלָּא וְשִׁבַּחְתִּי אֲנִי אֶת הַשִּׂמְחָה, דָּא חֶדְוָותָא דְּמַלְכָּא קַדִישָׁא, בְּזִמְנָא דְּאִיהוּ שַׁלְטָא, בְּשַׁבְּתָא וּבְיוֹמִין טָבִין, דְּמִכָּל עוֹבָדִין טָבִין דְּבַּר נָשׁ עָבִיד, אֵין טוֹב לָאָדָם תַּחַת הַשֶּׁמֶשׁ, כִּי אִם לֶאֱכוֹל וְלִשְׁתּוֹת, וּלְאַחְזָאָה חֶדְוָותָא בְּהַהוּא, (נ''א זמנא) סִטְרָא בְּגִין דִּיְהֵא לֵיהּ חוּלָקָא לְעָלְמָא דְּאָתֵי. וְהוּא יִלְוֶנּוּ בַּעֲמָלוֹ. מַאן. דָּא קוּדְשָׁא בְּרִיךְ הוּא, הוּא יִלְוֶנּוּ, וְיֵהַךְ עִמֵּיהּ לְאַעֲלָא לֵיהּ לְעָלְמָא דְּאָתֵי. דָּבָר אַחֵר וְהוּא יִלְוֶנּוּ, מַאן הוּא. הַהוּא בַּר נָשׁ דְּאָכִיל וְשָׁתֵי וְחַדֵי, כָּל מַאי דְּאַפִיק לְמֵיכַל וּלְמִשְׁתֵּי, הוּא יִלְוֶנּוּ לְּקוּדְשָׁא בְּרִיךְ הוּא בְּהַלְוָאָה, וְאִיהוּ יָהִיב לֵיהּ כִּפְלֵי כִּפְלַיִם, מִכָּל מַה דְּאַפִיק בְּהַאי. בִּתְרֵין אִלֵּין, אוֹזִיף בַּר נָשׁ לְּקוּדְשָׁא בְּרִיךְ הוּא, כַּד חַיִּיס לֵיהּ לְמִסְכְּנָא. וְכַד אַפִיק בְּשַׁבָּתֵי וְזִמְנֵי. דְּהָא כֹּלָּא אוֹזִיף לְּקוּדְשָׁא בְּרִיךְ הוּא, כְּמָה דְאַתְּ אָמֵר (משלי יט) מַלְוֶה יְיָ' חוֹנֵן דָּל וּגְמוּלּוֹ יְשַׁלֶּם לוֹ. וּבְגִין כָּךְ, דָּא שִׂמְחָה, וְדָא עֲצִיבוּ. דָּא חַיִּים וְדָא מָוֶת. דָּא טוֹב, וְדָא רָע, דָּא גַּן עֵדֶן, וְדָא גֵּיהִנָּם. וְכֹלָּא, דָּא בְּהִפּוּכָא דְּדָא, וְעַל דָּא גּוּפָא דִּלְהוֹן הֲוָה בַּעֲצִיבוּ, וְנִשְׁמְתָא בְּחֶדְוָה. וְכַד הֲווֹ אִלֵּין עֲשָׂרָה דְּאִקְרוּן הֲרוּגֵי מַלְכוּת, הֲרוּגִים הֲווֹ מִסִּטְרָא אַחֲרָא, וְאַשְׁלִימוּ אֲתָר אַחֲרָא דִּקְדוּשָּׁה. וּבְגִין כָּךְ, כֹּלָּא גַּלֵּי קָמֵי קוּדְשָׁא בְּרִיךְ הוּא, וְאִתְעָבִיד כְּדְקָא יֵאוֹת. בְּהֵיכָלָא דָּא קַיְימִין אִינּוּן תְּרֵיסָר. אַרְבַּע אִלֵּין לְעֵילָּא, וּתְמַנְיָא עִמְּהוֹן. בְּגִין דְּכָל חַד, נָטִיל עִמֵּיהּ תְּרִין, כְּמָה דְּאִיהוּ סִדוּרָא (דתרין) דִּדְגָלִים וְכֵן בְּסִדוּרָא דִּלְתַתָּא, עַד סוֹף דְּכָל דַּרְגִין. בְּהֵיכָלָא דָּא, עָאלִין כָּל אִינּוּן צְלוֹתִין, וְכָל אִינּוּן רַעֲוִין דִּשְׁבָחִין דְּאִתְעָבֵידוּ בִּרְחִימוּ, וְכַד עָאלִין בְּהַאי הֵיכָלָא, כֻּלְּהוּ מִתְדַּבְּקָן בֵּיהּ. (בקודשא בריך הוא) וּבְכָל יוֹמָא, וּבְכָל זִמְנָא דְּנְשִׁיקִין אִתְחַבָּרוּ, כְּדֵין אִיהוּ זִמְנָא, דְקוּדְשָׁא בְּרִיךְ הוּא אִשְׁתַּעְשַׁע בְּנִשְׁמָתִין דְּצַדִּיקַיָּיא, וּמַהוּ הַשַׁעְשׁוּעַ דְּמִתְעֲרִין אִינּוּן נְשִׁיקִין, וְאִינּוּן אַקְדִּימוּ לְהַהוּא עִנּוּגָא, וְעַל דָּא כְּתִיב (ישעיה נח) אָז תִּתְעַנַּג עַל יְיָ', וְאוֹקִימְנָא. הֵיכָלָא דָּא, כְּלָלָא דְּכָל אִינּוּן הֵיכָלִין תַּתָּאִין, כֻּלְּהוּ כְּלִילָן בְּהַאי הֵיכָלָא. הֵיכָלָא קַדְמָאָה, דְּתַמָּן קַיְּימָא הַהוּא רוּחָא דְּקַאמְרָן, וְכָל אִינּוּן חֵיוָון דְּבֵיהּ, אִסְתְּמִיךְ בִּתְרֵין סַמְכִין לִסְטַר מִזְרָח, וּבִתְרֵין סַמְכִין לִסְטַר דָּרוֹם, וּבִתְרֵין סַמְכִין לִסְטַר מַעֲרָב, וּבִתְרֵין סַמְכִין לִסְטַר צָפוֹן, וְאִינּוּן תְּמַנְיָא. וְאִלֵּין אִקְרוּן יְתֵדוֹת הַמִּשְׁכָּן, וְקַיְימֵי לְבַר. כַּד מַלְכָּא עִלָּאָה אָתֵי, נַטְלֵי אִינּוּן יְתֵדוֹת, וְאִתְעַקְרָן מֵאַתְרַיְיהוּ אִינּוּן מֵיתָרִים, דְּאִינּוּן תְּמַנְיָא אַחֲרָנִין, בַּר מֵאִינּוּן יְתֵדוֹת דְּקָא אַמָרָן. וְהַהוּא רוּחָא קַדְמָאָה דִּי בְּגוֹ הֵיכָלָא דָּא, קָדִים וְעָאל, וְאִתְכְּלִיל בְּגוֹ הַהוּא (ס''א תניינא ברוחא אחרא דביה) רוּחָא תִּנְיָינָא דְּבֵיהּ. אִינּוּן תְּרֵין סַמְכִין דְּלִסְטַר מִזְרָח, אִינּוּן קַרְעִיאֵ''ל, דְּאִתְמַנָא לְבַר עַל תְּרֵיסָר אַלְפֵי מְמָנָן, דְּכֻלְּהוּ אִקְרוּן יְתֵדוֹת הַמִּשְׁכָּן, דָּא לִימִינָא. לִשְׂמָאלָא שַׁמְעִיאֵ''ל, וְאִתְמָנָא עַל תְּרֵיסָר אַלְפֵי מְמָנָן אַחֲרָנִין, וְכֻלְּהוּ יְתֵדוֹת כִּדְקַאמְרָן. (אינון ממנן אחרנין) סַמְכִין דְּאִתְמָנוּן לִסְטַר דָּרוֹם, חַד סַעֲדִיאֵ''ל, וְחַד סְטָרִיאֵ''ל, (נ''א סעריהא''ל) כָּל חַד וְחַד, עַל תְּרֵיסָר אַלְפֵי מְמָנָן אַחֲרָנִין. אִלֵּין לָא אִתְעֲדוּן מִשׁוּלְטָנֵהוֹן לְעָלְמִין.  דף רנ''ה ע''ב אִלֵּין כֻּלְּהוּ, מְמָנָן עַל קִיוּמָא דְּעָלְמָא, אִלֵּין (מאינון דקיימן בקיומא דאינון דאתנסיבו דשקלי (קט''ו ע''ב) במתקלא דוכרין ונוקבין דא עם דא) (ס''א אינון דתקלי במתקלא דכורין ונוקבין, לאתנסבא דא עם דא). וְאִלֵּין אִקְרוּן מֹאזְנַיִם, עַל דָּא כְּתִיב, (תהלים סב) בְּמֹאזְנַיִם לַעֲלוֹת, וְלָא אִינּוּן דִּכְתִּיב בְּהוּ (רנ''ב ע''א) (ויקרא יט) מֹאזְנֵי צֶדֶק, דְּקַאמְרָן. כָּל אִינּוּן דִּשְׁקִילִין דָּא עִם דָּא, וְלָא שָׁקִיל דָּא יַתִיר מִן דָּא, סַלְּקִין וְאִתְחַבְּרָן כַּחֲדָא, וְאִינּוּן חִבּוּרָא (דף רנ''ה ע''ב) דִּדְכַר וְנוּקְבָּא כַּחֲדָא, וְעַל דָּא בְּמֹאזְנַיִם לַעֲלוֹת. וְאַף עַל גַּב דִּלְזִמְנִין מִסְתַּיְּיעָא מִלְּתָא, וְשָׁקִיל דָּא יַתִיר מִן דָּא, סַלְּקִין וּמִתְחַבְּרָן כַּחֲדָא, וְהָא אוֹקִימְנָא.",,דף רנה עמוד א | העמוד היומי בזוהר - פרשת פקודי | שיעור קצר,TRUE,TRUE,"דף רנה עמוד א | העמוד היומי בזוהר - פרשת פקודי | שיעור קצר
שיעור חדש- מוזמנים לצפות 
שאלות, הצעות, בקשות? כתבו לנו",FALSE,פרשת פקודי - דף רנה עמוד א,TRUE,*דף רנה עמוד א* העמוד היומי בזוהר - פרשת פקודי | שיעור קצר,FALSE,דף רנה עמוד א,TRUE,,
01/09/2026 11:31:50,העמוד היומי בזוהר - פרשת פקודי | שיעור קצר,דף רנה עמוד ב,"אִינּוּן תְּרֵין סַמְכִין דְּלִסְטַר צָפוֹן, פַּתְחִיאֵ''ל, עֲטָרִיאֵ''ל. וּמְמָנָן כָּל חַד וְחַד, עַל תְּרֵיסָר אַלְפִין מְמָנָן אַחֲרָנִין, וְאִינּוּן יְתֵדוֹת הַמִּשְׁכָן, וּבְאִלֵּין אַחֲרָנִין דְּקַאמְרָן. אִינּוּן מְמָנָן תְּרֵין סַמְכִין אַחֲרָנִין דְּלִסְטַר מַעֲרָב, אִינּוּן פְּדָתִיאֵ''ל תּוֹמִיהָאֵ''ל, וְאִתְמְנוּן כָּל חַד עַל תְּרֵיסָר אַלְפֵי מְמָנָן אַחֲרָנִין, וְכֻלְּהוּ יְתֵדוֹת הַמִּשְׁכָּן כִּדְקַאמְרָן. אִלֵּין אִינּוּן דְּאוֹשְׁדֵי דִּמְעִין, עַל כָּל אִינּוּן דִּמְתָרְכֵי נְשֵׁיהוֹן קָמַיְיתָא. בְּגִין דְּאִינּוּן שֶׁבַע בִּרְכָאן דְּאִתְמְסָרוּ לָהּ, אִתְעֲדָן, וְלָא אִתְקְיָּימוּ, בְּגִין דְּאִתְתָּרָכָא, וְלָא אִתְדְּבָקוּ בַּעְלָהּ וְאִתְּתָא כַּחֲדָא. וְעַל דָּא כֻּלְּהוּ אוֹשְׁדֵי דִּמְעִין, דְּאַחְזֵי תִּירוּכִין, דְּאִינּוּן שֶׁבַע בִּרְכָאן כְּמָה דְּאִתְעֲדָּן מֵאֲתָר אַחֲרָא. כְּדֵין בְּהַהִיא שַׁעֲתָא קָלָא נָפַק וְאָמַר, (ישעיה נ) אֵי זֶה סֵפֶר כְּרִיתוּת אִמְּכֶם אֲשֶׁר שִׁלַּחְתִּיהָ. הֵיכָלָא תִּנְיָינָא, דְּקָא אַמָרָן דְּכָלִיל לְהֵיכָלָא קַדְמָאָה, לְאִתְיַיחֲדָא בֵּיהּ. וְכָל אִינּוּן חֵיוָון, הָכִי נָמֵי אִית לֵיהּ תְּמַנְיָא סַמְכִין כְּקַדְמָאֵי. וְכוּלְהוּ מְמָנָן, כָּל חַד וְחַד, עַל תְּרֵיסָר אַלְפֵי מְמָנָן אַחֲרָנִין, כְּאִלֵּין קַדְמָאֵי כִּדְקַאמְרָן. תְּרֵין סַמְכִין אִינּוּן לִסְטַר מִזְרָח, תְּרֵין סַמְכִין לִסְטַר דָּרוֹם, וּתְרֵין סַמְכִין לִסְטַר צָפוֹן, וּתְרֵין סַמְכִין לִסְטַר מַעֲרָב. אִלֵּין תְּרֵין סַמְכִין דְּלִסְטַר מִזְרָח, יְהָדָנִיאֵ''ל, גְּזוּרִיָּ''ה. תְּרֵיסָר אַלְפֵי מְמָנָן דְּכָל חַד, וְכֻלְּהוּ יְתֵדוֹת. אִינּוּן תְּרֵין סַמְכִין דְּלִסְטַר דָּרוֹם, אָהֲרִיאֵ''ל, בָּרְהִיאֵ''ל. כָּל חַד וְחַד, אִינּוּן עַל תְּרֵיסָר אַלְפִין כְּקַדְמָאֵי. אִלֵּין מְמָנָן עַל מַשְׁבֵּר, וְנַטְלֵי אִינּוּן קַלֵי דְּנָשִׁין, וּמַנְחָן לוֹן קָמֵי הַהוּא הֵיכָלָא. וְכַד הַהוּא סִטְרָא אַחֲרָא אָתֵי לְקַטְרְגָא בְּהַאי שַׁעֲתָא, דְּאִיהוּ שַׁעֲתָא דְּסַכָּנָה, קַיְימֵי אִלֵּין, וְעָאלִין הָנֵי קָלֵי לַמְמָנָא דְּעַל פִּתְחָא, וְלָא יָכִיל הַהוּא סִטְרָא אַחֲרָא לְקַטְרְגָא. וּלְזִמְנִין דְּקָדִים הַהוּא סְטָר אַחֲרָא וְעָאל וְקַטְרִיג, וְיָכִיל לְנַזְקָאָה. אִלֵּין תְּרֵין סַמְכִין דְּלִסְטַר צָפוֹן, חַלְחָלִיאֵ''ל (ס''א סלסליא''ל), קַרְסָפִיהָאֵ''ל, אִינּוּן מְמָנָן כָּל חַד עַל תְּרֵיסָר אַלְפִין אַחֲרָנִין. דְּלִסְטַר מַעֲרָב אִינּוּן, סוּגַדְיָ''ה (ס''א סוגרי''א). גְּדַרְיָ''ה. וְאִלֵּין עַל תְּרֵיסָר אַלְפֵי אַחֲרָנִין. וְאִלֵּין מְמָנָן עַל הַהוּא דָּמָא דִּבְרִית, כַּד אִתְגְזַר הַהוּא וַלְדָא לִתְמַנְיָּא יוֹמִין וְאִלֵּין נַטְלֵי הַהוּא דָּמָא, וּמַנְחָן לֵיהּ קָמֵי הַאי הֵיכָלָא. וְכַד רוּגְזָא אַתְעַר בְּעָלְמָא, אַשְׁגַח קוּדְשָׁא בְּרִיךְ הוּא עַל הַהוּא דָּמָא, וְלָא אִתְיְיהִיב לְהַהוּא סִטְרָא אַחֲרָא רְשׁוּ לְאַעַלָא תַּמָּן. תָּא חֲזֵי, בְּזִמְנָא דְּאִתְגְּזַר הַהוּא בַּר נָשׁ לִתְמַנְיָּא יוֹמִין, וְשָׁרַאת עָלֵיהּ שַׁבָּת, מַלְכוּת קַדִישָׁא, הַהִיא עָרְלָה דְּגַזְרִין וְשָׁדָאן לֵיהּ לְבַר, כְּדֵין קַיְּימָא הַהוּא סִטְרָא אַחֲרָא, וְחָמָא דְּהַאי אִיהוּ חוּלָקֵיהּ מִקָּרְבְּנָא דָּא, כְּדֵין אִתְבַּר, וְלָא יָכִיל לְשַׁלְּטָאָה וּלְקַטְרֵגָא עֲלוֹי, וְסָלִיק וְאִתְעֲבָד סַנֵּיגוֹרְיָא עַל יִשְׂרָאֵל, קָמֵי קוּדְשָׁא בְּרִיךְ הוּא. הֵיכָלָא תְּלִיתָאָה. הֵיכָלָא דָּא דְּקַיְּימָא לְאַכְלְלָא, וּלְיַחֲדָא בֵּיהּ הַהוּא הֵיכָלָא תִּנְיָינָא, וְהַהוּא רוּחָא, וְכָל אִינּוּן חֵיוָון דְּבֵיהּ, כֻּלְּהוּ כְּלִילָן וְאִתְיַיחֲדָן דָּא בְּדָא. וְאִינּוּן חַד רוּחָא דְּכָלִיל דָּא בְּדָא, הָכִי נָמֵי אִית לֵיהּ תְּמַנְיָא סַמְכִין, לְאַרְבַּע סִטְרִין דְּעָלְמָא, וְכֻלְּהוּ אִקְרוּן יְתֵדוֹת הַמִּשְׁכָּן. תְּרֵין סַמְכִין דְּלִסְטַר דָּרוֹם, אִינּוּן שַׁכְנִיאֵ''ל, עֲזוּזְיָ''ה. (ס''א ואינון ממנן על תריסר אלפי ממנן אחרנין כל חד כאינון אחרנין) תְּרֵין סַמְכִין דְּלִסְטַר מִזְרָח, יְהוֹדִיָ''ה עַזְרִיאֵ''ל. וְאִלֵּין קַיְימֵי כָּל חַד וְחַד, עַל י''ב אַלְפֵי מְמָנָן אַחֲרָנִין, וְכֻלְּהוּ אִקְרוּן יְתֵדוֹת הַמִּשְׁכָּן. וְאִלֵּין אִתְמָנוּן עַל הַהוּא הֲבָל דְּתִינוֹקוֹת דְּלָעָאן בְּאוֹרַיְיתָא, לְקַיְּימָא עָלְמָא. וְאִלֵּין נַטְלֵי הַהוּא הֲבָל, וְסַלְקֵי לֵיהּ לְעֵילָּא. וְכָל הֲבָל וַהֲבָל דְּאִינּוּן תִּינוֹקוֹת דְּלָעָאן בְּאוֹרַיְיתָא לְקַיְּימָא עָלְמָא, אִתְעָבִיד מִנֵּיהּ רוּחָא חֲדָא, וְסַלְּקָא הַהוּא רוּחָא לְעֵילָּא, וְאִתְעַטָּר בְּעַטָרָא קַדִישָׁא, וְאִתְמָנָא נְטוּרָא דְּעָלְמָא, וְכֵן כֻּלְּהוּ.",,דף רנה עמוד ב | העמוד היומי בזוהר - פרשת פקודי | שיעור קצר,TRUE,TRUE,"דף רנה עמוד ב | העמוד היומי בזוהר - פרשת פקודי | שיעור קצר
שיעור חדש- מוזמנים לצפות 
שאלות, הצעות, בקשות? כתבו לנו",FALSE,פרשת פקודי - דף רנה עמוד ב,TRUE,*דף רנה עמוד ב* העמוד היומי בזוהר - פרשת פקודי | שיעור קצר,FALSE,דף רנה עמוד ב,TRUE,,
01/09/2026 11:32:23,העמוד היומי בזוהר - פרשת פקודי | שיעור קצר,דף רנו עמוד א,"תְּרֵין סַמְכִין דְּאִינּוּן לִסְטַר צָפוֹן, עַזְפִּיאֵ''ל (ס''א קטצירהא''ל), קְטָטָרִיהָאֵ''ל. וְאִינּוּן מְמָנָן (דף רנ''ו ע''א) עַל תְּרֵיסָר אַלְפֵי מְמָנָן אַחֲרָנִין כָּל חַד וְחַד כִּדְקַאמְרָן. תְּרֵין סַמְכִין דְּלִסְטַר מַעֲרָב, אִינּוּן עֲסִסְנִיָּ''הּ, אַדִירִירִיָּ''ה (נ''א אדירי''ה). וְאִלֵּין מְמָנָן עַל תְּרֵיסָר אַלְפִין מְמָנָן אַחֲרָנִין, כָּל חַד וְחַד כִּדְקַאמְרָן. אִלֵּין אִתְמָנוּן לְאַכְרְזָא בְּכָל רְקִיעִין, לְכָל אִינּוּן דִּמְעַבְרִין בְּנַיְיהוּ מֵאוֹרַיְיתָא, וְסַלְּקִין לוֹן דְּלָא יִלְעוּן בָּהּ, כְּדֵין נַפְקֵי כָּל הָנֵי מְמָנָן וּמַכְרִזֵי וְאַמְרֵי, וַוי לִפְלָנַיָא דְּאַעְבָּר בְּרֵיהּ מֵאוֹרַיְיתָא, וַוי לֵיהּ דְּקָא אִתְאַבִיד מֵעָלְמָא דֵּין, וּמֵעָלְמָא דְּאָתֵי. הֵיכָלָא רְבִיעָאָה. הֵיכָלָא דָּא הֵיכָלָא דְּקַיְּימָא בִּנְהִירוּ יַתִיר. הֵיכָלָא דָּא, סָחֲרִין לֵיהּ תְּלָתִין וּתְרֵין יְתֵדוֹת עִלָּאִין, וְחָמֵשׁ מֵאָה אֶלֶף אַחֲרָנִין דִּמְמָנָן תְּחוֹת אִלֵּין. וְאַרְבַּע אַחֲרָנִין, עִלָּאִין עַל כֻּלְּהוּ, וְכֻלְּהוּ יְתֵדוֹת דְּהֵיכָלָא דָּא. אִלֵּין אַרְבַּע אִינּוּן: חַסְדִיהָאֵ''ל. קָסִירִיָּ''הּ (נ''א קסדי''ה). קְדוּמְיָּ''הּ. דַּהֲרִיאֵ''ל. אִלֵּין אַרְבַּע מְמָנָן עַל כֻּלְּהוּ, וְכֻלְּהוּ אַחֲרָנִין, כֻּלְּהוּ מְמָנָן תְּחוֹתַיְיהוּ. וְעַל יְדָא דְּאִלֵּין, אִתְיְדַע דִּינָא לְמֶעְבַּד בְּעָלְמָא, וְעַל אִלֵּין כְּתִיב (דניאל ד) וּמֵאַמַר קַדִּישִׁין שְׁאֵלְתָּא. לְהָנִי אַרְבַּע, אַתְיָין כָּל אִינּוּן חַיָּילִין, דִּי מְמָנָן עַל דִּינָא, לְשָׁאֲלָא הֵיךְ אִתְגְזַר דִּינָא בְּעָלְמָא. כָּל אִינּוּן דִּינִין דְּלָא אִתְיְיהִיבוּ בְּפִתְקִין, לְקִיּוּמָא דְּעָלְמָא, וְעַל דָּא כֻּלְּהוּ אַתְיָין לְשָׁאֲלָא. וּבְגִין כַּךְ כֻּלְּהוּ מְמָנָן עַל דָּא. אִינּוּן תְּלָתִין וּתְרֵין אַחֲרָנִין, אִינּוּן מְמָנָן עַל כָּל אִינּוּן דְּלָעָאן בְּאוֹרַיְיתָא תָּדִיר, וְלָא פַּסְקֵי בִּימָמָא וּבְלֵילְיָא, וְאִלֵּין אַחֲרָנִין כֻּלְּהוּ דִּתְחוֹתַיְיהוּ, אִינּוּן מְמָנָן עַל כָּל אִינּוּן דְּקַבְעִין זִמְנִין יְדִיעָאן לְאוֹרַיְיתָא. וְעַל דָּא אִינּוּן מְמָנָן כֻּלְּהוּ, וּלְאַעְנְשָׁא כֻּלְּהוּ, לְכָל אִינּוּן דְּיַכְלֵי לְאִשְׁתַּדְלָא בְּאוֹרַיְיתָא, וְלָא מִשְׁתַּדְלֵי. הֵיכָלָא חֲמִישָׁאָה. הֵיכָלָא דָּא, קַיְימִין בֵּיהּ תְּלַת מֵאָה וְשִׁתִּין וְחָמֵשׁ מְמָנָן, כְּחוּשְׁבָן יְמֵי שַׁתָּא. וְעֵילָּא מִנַּיְיהוּ אַרְבַּע סַמְכִין עִלָּאִין עַל כֻּלְּהוּ. וְאִלֵּין אִינּוּן: קְרָשִׁיהָאֵ''ל. סַרְטִיהָאֵ''ל. עֲסִירִיָּ''ה. קַדְמִיאֵ''ל. וְאִלֵּין אִקְרוּן יְתֵדוֹת דְּהֵיכָלָא דָּא. אִלֵּין אִתְמְנוּן לְבַדְחָא עָלְמָא (אלין). כַּד נִשְׁמְתָא אִתוֹסְפָת מֵעֶרֶב שַׁבָּת לְעֶרֶב שַׁבָּת. וְאִיהִי נַפְקַת, כַּד אִיהִי נַפְקַת, נָפְקִין אִלֵּין עִמָּהּ, וּמְעַבְרֵי מִיִשְׂרָאֵל כָּל עֲצִיבוּ, וְכָל יְגִיעָא, וְכָל מְרִירוּ דְּנַפְשָׁא, וְכָל רוּגְזָא דְּעָלְמָא, וְאִלֵּין אִינּוּן בְּדִיחֵי עָלְמָא. כָּל אִינּוּן דִּלְתַתָּא מֵאִלֵּין אַרְבָּעָה, כֻּלְּהוּ אִתְמָנוּן לְאַעְבְּרָא דִּינָא, מֵאִינּוּן מָארֵי דְּדִינָא, וּמֵאִינּוּן דְּטַרְדֵי לוֹן בְּגֵיהִנָּם, דִּיסַלְקוּן דִּינָא מִנַּיְיהוּ. וְעַל דָּא, כָּל אִלֵּין יְתֵדוֹת כֻּלְּהוּ קַיְימֵי בְּחֶדְוָה, וּמֵחֶדְוָה נַפְקֵי, וְכֻלְּהוּ הֵיכָלִין קַיְימֵי לְאִתְעַטְרָא לְעֵילָּא. כְּמָה דְּאִתְּמַר. הֵיכָלָא שְׁתִיתָאָה. הֵיכָלָא דָּא, הֵיכָלָא דְּקַיְּימָא עַל כָּל הֵיכָלִין תַּתָאִין. בְּהַאי, מֵאָה אַחֲרָנִין דְּקַיְּימָאן לְבַר, דְּאִקְרוּן יְתֵדוֹת כְּאִינּוּן אַחֲרָנִין. וְאִינּוּן מֵאָה לִסְטַר יְמִינָא, וּמֵאָה אַחֲרָנִין לִסְטַר שְׂמָאלָא. תְּרֵין מְמָנָן עִלָּאִין לִסְטַר יְמִינָא, וּתְרֵין מְמָנָן אַחֲרָנִין עִלָּאִין לִסְטַר שְׂמָאלָא. אִלֵּין דִּימִינָא אִינּוּן: מַלְכִּיאֵ''ל. שְׁמַעְיָהאֵ''ל. וְאִלֵּין דִּשְׂמָאלָא, אִקְרוּן מִסַרְסָנִיָּ''הּ. צַפְצָפִיָּ''הּ. אִלֵּין אִינּוּן יְתֵדוֹת עִלָּאִין, מִימִינָא וּמִשְּׂמָאלָא. וְאִלֵּין אִינּוּן קַיְימֵי וּזְמִינִין בְּעָלְמָא. בְּהַהוּא זִמְנָא, דְּצַדִּיקָא מָטָא זִמְנֵיהּ לְאִסְתַּלְּקָא מֵעָלְמָא, וְאִתְיְיהִיב רְשׁוּ לְסִטְרָא אַחֲרָא. אִלֵּין אַרְבַּע קַיְימֵי לְאִתְעַתְדָא תַּמָּן, בְּגִין דְּתִפוּק נִשְׁמָתֵיהּ בִּנְשִׁיקָה, וְלָא תִּצְטַעֵר בְּשׁוּלְטָנוּ דְּסִטְרָא אַחֲרָא. זַכָּאִין אִינּוּן צַדִיקַיָּיא בְּעָלְמָא דֵּין, וּבְעָלְמָא דְּאָתֵי. דְּמָארֵיהוֹן אַקְדִים עָלַיְיהוּ שׁוּלְטָנֵיהוֹן, לְמֶהֱוִי נְטִירָן בְּעָלְמָא דֵּין, וּבְעָלְמָא דְּאָתֵי.  דף רנ''ו ע''ב מֵהֵיכָלָא דָּא, שָׁרָאן כָּל רָזִין, וְכָל דַּרְגִין עִלָּאִין וְתַתָאִין, לְאִתְחַבְּרָא. בְּגִין דְּיִשְׁתְּכַח כֹּלָּא עֵילָּא וְתַתָא בִּשְׁלִימוּ, לְמֶהוֵי כֹּלָּא חַד, וְחִבּוּרָא חַד, לְאִתְיַיחֲדָא שְׁמָא קַדִישָׁא כְּדְקָא יֵאוֹת, וּלְאִשְׁתַּלְמָא, לְאַנְהָרָא נְגִידוּ עִלָּאָה בְּתַתָאָה, (נ''א לנגדא נהירי עלאה לתתא) וּנְהִירוּ דְּבוּצִינִין כְּחָד, (נ''א ונהרי בוצינין כולהו כחדא) דְּלָא תַּעְדֵי דָּא מִן דָּא. וּכְדֵין נָגִיד וְאִתְמְשַׁךְ מַאן דְּאִתְמְשָׁךְ, דְּלָא אִתְיְדַע וְלָא אִתְגַלְיָיא, בְּגִין דְּיִתְקָרֵב (נ''א דיתקדש) (דף רנ''ו ע''ב) וְיִתְיַיחֵד דָּא עִם דָּא, לְמֶהֱוֵי כֹּלָּא בְּיִחוּדָא שְׁלִים כְּדְקָא יֵאוֹת.",,דף רנו עמוד א | העמוד היומי בזוהר - פרשת פקודי | שיעור קצר,TRUE,TRUE,"דף רנו עמוד א | העמוד היומי בזוהר - פרשת פקודי | שיעור קצר
שיעור חדש- מוזמנים לצפות 
שאלות, הצעות, בקשות? כתבו לנו",FALSE,פרשת פקודי - דף רנו עמוד א,TRUE,*דף רנו עמוד א* העמוד היומי בזוהר - פרשת פקודי | שיעור קצר,FALSE,דף רנו עמוד א,TRUE,,
01/09/2026 11:33:10,העמוד היומי בזוהר - פרשת פקודי | שיעור קצר,דף רנו עמוד ב,"זַכָּאָה חוּלָקֵיהּ, מַאן דְּיָדַע בְּרָזִין דְּמָארֵיהּ, לְאִשְׁתְּמוֹדְעָא לֵיהּ כְּדְקָא יֵאוֹת. דְּהָא אִינּוּן אַכְלִין חוּלָקֵיהוֹן בְּעָלְמָא דֵּין, וּבְעָלְמָא דְּאָתֵי. עַל דָּא כְּתִיב (ישעיה סה) הִנֵּה עֲבָדַי יֹאכֵלוּ. זַכָּאִין אִינּוּן צַדִיקַיָּיא דְּמִשְׁתַּדְלֵי בְּאוֹרַיְיתָא יְמָמָא וְלֵילֵי. בְּגִין דְּאִינּוּן יַדְעֵי אוֹרְחוֹי דְקוּדְשָׁא בְּרִיךְ הוּא, וְיַדְעֵי לְיַחֲדָא יִחוּדָא קַדִּישָׁא כְּדְקָא יֵאוֹת, דְּכָל דְּיָדַע לְיַחֲדָא שְׁמָא קַדִּישָׁא בִּשְׁלִימוּ כַּדְקָא חֲזֵי, זַכָּאָה אִיהוּ בְּעָלְמָא דֵּין, וּבְעָלְמָא דְּאָתֵי. קִשּׁוּרָא דְּכָל הָנֵי הֵיכָלִין, הָכָא מִתְקַשְּׁרָן. (יעקב קשירו דכל מהימנותא רוח דקיימא לקבלא רוח דאיהו לתתא והאי רוחא דאיהו לעילא קיימא לקבלא רוח עילאה דכל רוחין קיימין ביה דא איהו יעקב דאיהו רוח אמצעיתא דכל רוחין ואיהו נטיל האי היכלא שתיתאה באינון נשיקין לאתדבקא רוחא ברוחא כמה דאת אמר (שיר השירים א) ישקני מנשיקות פיהו, וכל נשיקה איהו (ס''א הכא קשירו דכל מהימנותא יעקב דאיהו רוח אמצעיתא דכל רוחין איהו נטיל האי היכלא שתיתאה באינון נשיקין)) לְאִתְדַּבְּקָא רוּחָא בְּרוּחָא, תַּתָאָה בְּעִלָּאָה. וּבְאִלֵּין נְשִׁיקִין אִסְתָּלַּק רוּחָא דִּלְתַתָא לְאִתְדַּבְּקָא בְּרוּחָא דִּלְעֵילָּא. וְכַד מִתְדַּבְּקָן רוּחָא בְּרוּחָא, כְּדֵין רוּחָא עִלָּאָה סְתִימָאָה שָׁאֲרִי עַל הַאי רוּחָא דְּאֶמְצָעִיתָא. וְעַד לָא אַתְעַר לְאִתְדַּבְּקָא רוּחָא בְּרוּחָא, רוּחָא עִלָּאָה. לָא שַׁרְיָא עַל (ההיא) רוּחָא דְּאֶמְצָעִיתָא. וְרָזָא דָּא, כַּד אִתְאֲחִיד רוּחָא בְּרוּחָא, כְּדֵין שָׁרָאן נְשִׁיקִין לְאִתְחַבְּרָא וּמִתְעָרִין שְׁאַר שַׁיְיפִין בְּתִיאוּבְתָא, וְרוּחָא דָּא מִתְדַּבְּקָא בְּדָא. וּכְדֵין, שַׁיְיפִין כֻּלְּהוּ מִתְעָרֵי אִלֵּין בְּאִלֵּין, לְאִתְקַשְּׁרָא שַׁיְיפָא בְּשַׁיְיפֵיהּ. וְאִי תֵּימָא, מַאן אַתְעַר שַׁיְיפֵי תַּתָאֵי, אוֹ שַׁיְיפֵי עִלָּאֵי. שַׁיְיפֵי תַּתָאֵי מִתְעָרֵי תָּדִיר לְגַבֵּי עִלָּאֵי, מַאן דְּאִיהוּ בַּחֲשׁוֹכָא, תָּאִיב תָּדִיר לְמֶהֱוֵי בִּנְהוֹרָא. שַׁלְהוֹבָא אוּכָמָא דִּלְתַתָא, אַתְעַר תָּדִיר לְגַבֵּי (בראשית נ''א ע''א) שַׁלְהוֹבָא חִוָּורָא דִּלְעֵילָּא, בְּגִין לְאִתְדַּבְּקָא בֵּיהּ, וּלְמִשְׁרֵי תְּחוֹתֵיהּ, וְרָזָא דָּא, (תהלים פג א) אֱלהִים אַל דֳּמִי לָךְ אַל תֶּחרַשׁ וְאַל תִּשְׁקוֹט אֵל. כַּד נָטִיל יַעֲקֹב הַאי הֵיכָלָא שְׁתִיתָאָה, כְּדֵין אִקְרֵי (רי''ג ע''א) בִּשְׁמָא קַדִישָׁא עִלָּאָה שְׁלֵימָא, וַיְיָ'. וְאִי תֵּימָא שְׁלֵימָא דְּכֹלָּא. לָאו הָכִי, אֶלָּא כַּד אִשְׁתְּלִימוּ כֻּלְּהוּ הֵיכָלִין אִלֵּין בְּאִלֵּין, כְּדֵין אִקְרֵי כֹּלָּא בִּשְׁמָא שְׁלִים, יְדוָֹ''ד אֱלהִים. וְדָא הוּא (רנ''ח ע''ב, בראשית ע''ח ע''א) שְׁמָא שְׁלִים מִכֹּלָּא. וְעַד לָא אִתְחַבְּרוּ דָּא עִם דָּא, הֵיכָלִין בְּהֵיכָלִין, לָא אִקְרֵי בִּשְׁמָא שְׁלֵימָא דָּא. וְכַד מִתְחַבְּרָן כַּחֲדָא אִלֵּין בְּאִלֵּין, כְּדֵין אִשְׁתְּלִים כֹּלָּא מֵעֵילָּא וְתַתָא. וּנְהִירוּ דְּעֵילָּא לְעֵילָּא, נַחְתָּא וְשַׁרְיָא עַל כֹּלָּא, וְאִתְקָשַׁר כֹּלָּא כַּחֲדָא, לְמֶהֱוֵי כֹּלָּא חַד. וְרָזָא דְּמִלָּה, יַעֲקֹב נָטִיל אַרְבַּע נָשִׁין, וְכָלִיל לוֹן בְּגַוֵיהּ. וְאַף עַל גַּב דְּאוֹקִימְנָא לְהַאי מִלָּה בְּרָזָא אַחֲרָא, דְּאִיהוּ קַיְּימָא בֵּין (ויצא קנ''ג ע''ב) תְּרֵין עָלְמִין. וְרָזָא דְּכֹלָּא, כַּד יַעֲקֹב נָטִיל הַאי הֵיכָלָא, דְּאִיהוּ שְׁתִיתָאָה, נָטִיל וְכָלִיל בְּגַוֵּיהּ כָּל אִינּוּן אַרְבַּע נָשִׁין, אַרְבַּע מַלְאָכִין, וְכֻלְּהוּ דַּבְקֵי בְּהֵיכָלָא דָּא. אִלֵּין אִינּוּן (רנ''ד ע''א) אַרְבַּע רֵישֵׁי נַהֲרִין, דִּכְתִּיב, (בראשית ב) וּמִשָּׁם יִפָּרֵד וְהָיָה לְאַרְבָּעָה רָאשִׁים. אִלֵּין אַרְבַּע רֵישִׁין, אִינּוּן אַרְבַּע נָשִׁין נָטִיל לוֹן יַעֲקֹב, (כדקאמרן וליה אצטריך ואיהו) נָטִיל הֵיכָלָא דָּא. וּכְדֵין אִקְרֵי הַאי הֵיכָלָא וַיְיָ', כַּד אִיהוּ לְטָב כְּמָה דְאַתְּ אָמֵר (שמות יג) וַיְיָ הוֹלֵךְ לִפְנֵיהֶם יוֹמָם. (בראשית יח) וַיְיָ' אָמָר הַמְכַסֶּה אֲנִי מֵאַבְרָהָם. וְכַד אִתְחֲבָּר יִצְחָק, בְּהֵיכָלָא דְּבֵי דִּינָא, דְּאִקְרֵי זְכוּתָ''א, כְּדֵין אִקְרֵי כֹּלָּא וַיְיָ', לְאַעְנְשָׁא לְחַיָּיבַיָּא, כְּמָה דְאַתְּ אָמֵר (בראשית יט) וַיְיָ' הִמְטִיר עַל סְדוֹם וְגוֹ', וְכֹלָּא בְּרָזָא חֲדָא כְּדְקָא יֵאוֹת. וְכַד יַעֲקֹב נָטִיל הֵיכָלָא דָּא, כְּדֵין אִקְרֵי כֹּלָּא רָצוֹן שָׁלוֹם. (וסימניך (אסתר ב) ובהגיע תור אסתר) וְדָא הוּא עֵת רָצוֹן. וּמִכָּאן וּלְהָלְאָה, שָׁרָאן הֵיכָלִין לְאִתְחַבְּרָא וּלְאִתְקַשְּׁרָא אִלֵּין בְּאִלֵּין. וְאַף עַל גַּב דְּתָנֵינָן (ויקרא ק''כ ע''א) דְּרוֹמִית מִזְרָחִית. וְכֹלָּא אִיהוּ כַּחֲדָא, הָכָא אִיהוּ רוּחָא בְּרוּחָא, דְּבֵקוּתָא חֲדָא.  דף רנ''ז ע''א מִכָּאן שָׁרֵי אַבְרָהָם, דְּאִיהוּ יְמִינָא, דְּאִקְרֵי אַהֲבָה (רבה דקאמרן. ואיהו נטיל היכלא דאקרי אהב''ה). כְּדֵין, (יחזקאל ט''ז) שָׁדַיִם נָכוֹנוּ, וְאִתְמַלְּיָין מִכָל טוּב, לְסַפָּקָא וּלְאַתְזְנָא כֹּלָּא מֵהָכָא. וְכַד אִלֵּין (פקודי רנ''ג ע''א) שָׁדַיִם נָכוֹנוּ וְאִתְמַלְּיָין מִגוֹ רְחִימוּ עִלָּאָה, כְּדֵין אִקְרֵי הֵיכָלָא דָּא אֵל שַׁדַּ''י כִּדְקַאמְרָן. וּבְהַאי אִסְתַּפָּק כָּל (דף רנ''ז ע''א) עָלְמָא כַּד אִתְבְּרֵי.",,דף רנו עמוד ב | העמוד היומי בזוהר - פרשת פקודי | שיעור קצר,TRUE,TRUE,"דף רנו עמוד ב | העמוד היומי בזוהר - פרשת פקודי | שיעור קצר
שיעור חדש- מוזמנים לצפות 
שאלות, הצעות, בקשות? כתבו לנו",FALSE,פרשת פקודי - דף רנו עמוד ב,TRUE,*דף רנו עמוד ב* העמוד היומי בזוהר - פרשת פקודי | שיעור קצר,FALSE,דף רנו עמוד ב,TRUE,,
01/09/2026 11:33:52,העמוד היומי בזוהר - פרשת פקודי | שיעור קצר,דף רנז עמוד א,"מִכָּאן שָׁרֵי אַבְרָהָם, דְּאִיהוּ יְמִינָא, דְּאִקְרֵי אַהֲבָה (רבה דקאמרן. ואיהו נטיל היכלא דאקרי אהב''ה). כְּדֵין, (יחזקאל ט''ז) שָׁדַיִם נָכוֹנוּ, וְאִתְמַלְּיָין מִכָל טוּב, לְסַפָּקָא וּלְאַתְזְנָא כֹּלָּא מֵהָכָא. וְכַד אִלֵּין (פקודי רנ''ג ע''א) שָׁדַיִם נָכוֹנוּ וְאִתְמַלְּיָין מִגוֹ רְחִימוּ עִלָּאָה, כְּדֵין אִקְרֵי הֵיכָלָא דָּא אֵל שַׁדַּ''י כִּדְקַאמְרָן. וּבְהַאי אִסְתַּפָּק כָּל (דף רנ''ז ע''א) עָלְמָא כַּד אִתְבְּרֵי. דְּהָא כַּד אִתְבְּרֵי עָלְמָא, לָא יָכִיל לְמֵיקָם בְּקִיּוּמָא, וְלָא הֲוָה קָאִים, עַד דְּאִתְגְּלֵי הֵיכָלָא דָּא דְּנָטִיל אַבְרָהָם, וְכַד אִתְגְּלֵי אַבְרָהָם בְּהַאי הֵיכָלָא, (נ''א כדי לעלמא דיהא ספוקא וכו') כְּדֵין אָמַר לְעָלְמָא דַּי, הָא סִפּוּקָא לְאַתְזְנָא מִנֵּיהּ עָלְמָא וּלְאִתְקַיְּימָא. וּבְגִין כָּךְ, אֵל שַׁדַּי אִקְרֵי, אֵ''ל שַׁדַּ''י לְכֹלָּא בֵּיהּ. (נ''א ולאתזנה מניה תא חזי היכלא דא זמין וכו'). וְזַמִּין קוּדְשָׁא בְּרִיךְ הוּא לְמַלְיָּא לֵיהּ, (נ''א ביה) וּלְאַתְקְנָא לֵיהּ לְזִמְנָא דְּאָתֵי דִּכְתִיב (ישעיה סו) לְמַעַן תִּינְקוּ וּשְׂבַעְתֶּם מִשֹּׂד תַּנְחֻמֶיהָ לְמַעַן תָּמוֹצּוּ וְהִתְעַנַּגְתֶּם מִזִּיז כְּבוֹדָהּ. שֹׁד תַּנְחֻמֶיהָ וְזִיז כְּבוֹדָהּ, כֹּלָּא אִיהוּ בְּהַאי הֵיכָלָא. וּכְדֵין בְּהַהוּא זִמְנָא כְּתִיב, (בראשית כא) מִי מִלֵּל לְאַבְרָהָם הֵנִיקָה בָנִים שָׂרָה, דְּהָא יְנִיקָא תַּלְיָא בֵּיהּ בְּאַבְרָהָם. יִצְחָק דְּאִיהוּ שְׂמָאלָא דְקוּדְשָׁא בְּרִיךְ הוּא, אֲתָר דְּמִנֵּיהּ מִתְעֲרִין כָּל דִּינִין דְּעָלְמָא, וְאִיהוּ דְּרוֹעָא דִּשְׂמָאלָא, שֵׁירוּתָא דְּכָל דִּינִין, וְכָל דִּינִין מִתְעָרֵי מִתַמָּן, הַאי אִיהוּ נָטִיל וְאָחִיד הַהוּא הֵיכָלָא דְּאִקְרֵי זְכוּתָא, לְאִתְחַבְּרָא דִּינָא בְּדִינָא, וּלְמֶהֱוֵי כֹּלָּא קִשּׁוּרָא חֲדָא, בְּגִין דְּהַאי אִיהוּ דִּינָא דִּלְעֵילָּא, וּרְשִׁימִין דְּדִינִין קַיְימִין בֵּיהּ. וְהָכָא אִתְרְשִׁים שְׁמָא קַדִישָׁא, דְּאִקְרֵי אֱלהִים. בְּגִין דְּאִית אֱלהִים חַיִּים, דְּאִיהוּ לְעֵילָּא לְעֵילָּא, סָתִים מִכֹּלָּא. וְאִית אֱלהִים, דְּאִיהוּ בֵּי דִּינָא דִּלְעֵילָּא. וֵאלֹהִים, דְּאִיהוּ בֵּי דִּינָא דִּלְתַתָא. הֲדָא הוּא דִכְתִיב, (תהלים נח) אַךְ יֶשׁ אֱלהִים שׁוֹפְטִים בָּאָרֶץ. אֱלהִים עִלָּאָה, רָזָא דֶּאֱלֹהִים חַיִּים, כָּלִיל לְאִלֵּין דִּלְתַתָא, וְכֹלָּא אִיהוּ חַד. בְּהַאי הֵיכָלָא, אַתְעַר יִצְחָק, וְכֻלְּהוּ שִׁבְעִין וּתְרֵין נְהוֹרִין דִּכְלִילָן בֵּיהּ, דְּמִנַּיְיהוּ אִתְגְּזָרוּ כָּל דִּינִין (ס''א דעלמא דלתתא) דִּלְתַתָא דְּעָלְמָא, דִּכְתִּיב, (דניאל ד) בִּגְזֵרַת עִירִין פִּתְגָּמָא. וַאֲמַאי אִקְרוּן עִירִין. אֶלָּא בְּגִין דְּכֻלְּהוּ קַיְימִין בְּהַאי עִיר. (תהלים מח) עִיר יְיָ' צְבָאוֹת. עִיר אֱלהֵינוּ. כָּל אִינּוּן הֵיכָלִין לְעֵילָּא, כָּל חַד וְחַד אִקְרֵי עִיר, כְּמָה דְאַתְּ אָמֵר (דניאל ד) עִיר וְקַדִּישׁ. וְאִלֵּין אִינּוּן עִירִין, דְּקַיְימִין לְגוֹ בְּגוֹ דְּהֵיכָלָא, דְּקַיְימִן בְּעִיר, בְּגִין כָּךְ אִקְרוּן עִירִי''ן. הַאי הֵיכָלָא, אִתְכְּלִיל בְּיִצְחָק, וְכֹלָּא אִיהוּ בְּהֵיכָלָא דְּאַבְרָהָם, בְּגִין דִּימִינָא אַכְלִיל לִשְׂמָאלָא. וְתָא חֲזֵי, כָּל חַד וְחַד כָּלִיל לְחַבְרֵיהּ. וְהָא אוֹקִימְנָא, דְּבְּגִין דָּא אַבְרָהָם עָקַד לְיִצְחָק, בְּגִין לְאַכְלְלָא בֵּיהּ דִּינָא, (נ''א בימינא) וּלְאִשְׁתַּכְחָא שְׂמָאלָא כָּלִיל בִּימִינָא (ס''א ולאשתכחא ימינא על שמאלא ולאשלטא וכו') וּלְאַשְׁלְטָא יְמִינָא עַל שְׂמָאלָא. וְעַל דָּא קוּדְשָׁא בְּרִיךְ הוּא פָּקִיד לֵיהּ לְאַבְרָהָם, לְקָרְבָא בְּרֵיהּ לְדִינָא, וּלְאַתְקָפָא עֲלוֹי, וְלָא פָּקִיד לְיִצְחָק, אֶלָּא לְאַבְרָהָם. וְעַל דָּא אִשְׁתְּכַח, דָּא בְּדִינָא, וְדָא בְּחֶסֶד, וְכֹלָּא חַד, וְאִתְכְּלִיל דָּא בְּדָא. וְהָכִי, אִתְכְּלִילוּ הֵיכָלִין תַּתָאִין בְּעִלָּאִין. כַּד נָטִיל יִצְחָק הֵיכָלָא דָּא, כְּדֵין כֹּלָּא אִיהוּ לְטָב. דִּינָא בִּזְכוּתָא. וְעַל דָּא, בָּעֵי בַּר נָשׁ דְּדָאִין דִּינָא, לְמֵידָן דִּינָא בִּזְכוּתָא. בְּגִין דְּאִיהוּ רָזָא עִלָּאָה, שְׁלִימוּ דְּדִינָא. בְּגִין דְּלֵית שְׁלִימוּ דְּדִינָא, אֶלָּא בִּזְכוּתָא, דָּא בְּלָא דָּא לָאו אִיהוּ שְׁלִימוּ. דִּינָא בִּזְכוּתָא, דָּא אִיהוּ שְׁלִימוּ דִּמְהֵימְנוּתָא, כְּגַוְונָא דִּלְעֵילָּא. בְּיוֹמָא דְרֹאשׁ הַשָּׁנָה, כַּד דִּינָא אַתְעַר בְּעָלְמָא, בָּעָאן יִשְׂרָאֵל לְתַתָא, לְאַתְעֲרָא רַחֲמֵי מִגּוֹ שׁוֹפָר, כְּגַוְונָא דְּרָזָא עִלָּאָה. וְהָא אוֹקִימְנָא. וּבָעֵינָא לְחַבְּרָא דִּינָא לָקֳבֵל זְכוּתָא, בְּגִין דְּכַד קַיְּימָא דִּינָא בִּזְכוּתָא, כֹּלָּא אִיהוּ בְּחִבּוּרָא חֲדָא. וְעֵילָּא וְתַתָא בִּשְׁלִימוּ. וּכְדֵין, (איוב ה) וְעוֹלָתָה קָפְצָה פִּיהָ, דְּלֵית לָהּ רְשׁוּ לְאַסְטָאָה וּלְקַטְרְגָא בְּעָלְמָא. וּכְדֵין כֹּלָּא בְּיִחוּדָא חֲדָא כְּדְקָא יֵאוֹת. וְדִינָא בְּלָא זְכוּ לָאו אִיהוּ דִּינָא. וְדָא אִיהוּ דְּיִשְׂרָאֵל, דְּאִית לוֹן דִּינָא בִּזְכוּתָא. אֲבָל שְׁאַר עַמִּין, לָא אִית לוֹן דִּינָא בִּזְכוּתָא, וְעַל דָּא אָסִיר לָן, לְסַדְּרָא דִּינִין דִּילָן בְּעַרְכָּאֵי דְּעַמִּין עוֹבְדֵי עֲבוֹדָה זָרָה, דְּהָא לֵית לוֹן חוּלָקָא בִּסְטָר מְהֵימְנוּתָא דִּילָן. דִּכְתִיב, (תהלים קמז) לָא עָשָׂה כֵן לְכָל גּוֹי וּמִשְׁפָּטִים בַּל יְדָעוּם. וּמִסִּטְרָא דְּיִשְׂרָאֵל כָּל מַאן דְּדָאִין דִּינָא, וְלָא אַכְלִיל בֵּיהּ זְכוּת, דָּא אִיהוּ חָטֵי, דְּקָא גָּרַע רָזָא דִּמְהֵימְנוּתָא, וְאַסְטֵי גַּרְמֵיהּ לְהַהוּא סִטְרָא, דְּאִית בֵּיהּ דִּינָא בְּלָא זְכוּת.  דף רנ''ז ע''ב וְתָּא חֲזֵי, כַּד קַיְימֵי סַנְהֶדְרִין לְתַתָא, לְמֵידָן דִּינֵי נְפָשׁוֹת, אִצְטְרִיכוּ לְמִפְתַח בִּזְכוּתָא. בְּגִין לְאַכְלְלָא זְכוּתָא בְּדִינָא. וְתוּ, דְּהָא אִקְרוּן מִבֵּי (רנ''א ע''א) זְכוּתָא. וְעַל דָּא, אִשְׁתַּדְּלוּתָא דִּילְהוֹן, לְמִפְתַּח בִּזְכוּתָא,",,דף רנז עמוד א | העמוד היומי בזוהר - פרשת פקודי | שיעור קצר,TRUE,TRUE,"דף רנז עמוד א | העמוד היומי בזוהר - פרשת פקודי | שיעור קצר
שיעור חדש- מוזמנים לצפות 
שאלות, הצעות, בקשות? כתבו לנו",FALSE,פרשת פקודי - דף רנז עמוד א,TRUE,*דף רנז עמוד א* העמוד היומי בזוהר - פרשת פקודי | שיעור קצר,FALSE,דף רנז עמוד א,TRUE,,
01/09/2026 11:34:32,העמוד היומי בזוהר - פרשת פקודי | שיעור קצר,דף רנז עמוד ב," וְעַל דָּא, אִשְׁתַּדְּלוּתָא דִּילְהוֹן, לְמִפְתַּח בִּזְכוּתָא, וְשָׁרָאן בִּזְכוּתָא מִזְּעֵירָא, וּלְבָתַר אִשְׁתְּלִים דִּינָא מֵעִלָּאָה. לְמֶהֱוֵי זְכוּתָא כָּלִיל בְּדִינָא. דָּא לְעֵילָּא, וְדָא לְתַתָא. דִּינָא בִּזְכוּתָא, שְׁלִימוּ דְּדִינָא. דָּא בְּלָא דָּא, לָאו אִיהוּ שְׁלִימוּ. וּבְגִין כַּךְ, יִצְחָק (דף רנ''ז ע''ב) וְרִבְקָה כַּחֲדָא אִינּוּן, דָּא דִּינָא, וְדָא זְכוּתָא, לְמֶהֱוֵי שְׁלִימוּ כַּחֲדָא. זַכָּאָה חוּלָקֵיהוֹן דְּיִשְׂרָאֵל, דְּקוּדְשָׁא בְּרִיךְ הוּא יָהַב לוֹן אוֹרַיְיתָא שְׁלֵימָתָא, לְמֵיהַךְ בְּאֹרַח קְשׁוֹט, כְּגַוְונָא דִּלְעֵילָּא. תָּא חֲזֵי, דְּאִינּוּן לָא דַּיְינִין דִּינָא, אֶלָּא בִּזְכוּ, וּלְעַיְינָא זְכוּתָא בְּקַדְמִיתָא, לְמֶהוֵי כָּלִיל דָּא בְּדָא. וְסַנְהֶדְרִין קָא מְהַפְּכֵי בִּזְכוּתָא בְּדִינָא, לְאַכְלְלָא כֹּלָּא כַּחֲדָא, בְּגִין דְּלָא יִשְׁלוֹט סִטְרָא אַחֲרָא. דְּהָא כַּד זְכוּתָא לָא אִשְׁתְּכַח, סִטְרָא אַחֲרָא אִשְׁתְּכַח, דְּאִקְרֵי חוֹבָה, וְאִתְחֲבְּרַת בְּדִינָא, וְאִתַתְקְפַת וְדָא הוּא דִּינָא בְּחוֹבָה. וְעַל דָּא, בְּיוֹמָא דְּרֹאשׁ הַשָּׁנָה, בָּעֵינָא לְחַבְּרָא זְכוּתָא בְּדִינָא, וְלָא יִתְגַּבָּר חוֹבָה. וּבְגִין כַּךְ, בָּעֵינָא זְכוּתָא וְדִינָא לְמֶהֱוֵי כַּחֲדָא, בְּגִין דְּאִיהוּ שְׁלִים. דְּכַד סִטְרָא אַחֲרָא שַׁלְטָא, לָאו אִיהוּ שְׁלִים, אֶלָּא קִטְרוּגָא, כְּמָה דְּאִיהוּ קִטְרוּגָא, וְאִינּוּן אַרְבַּע מִיתוֹת, וְכַד סִטְרָא דְּאִיהוּ זְכוּת שַׁלְטָא, כֹּלָּא אִיהוּ שְׁלִים, (מלכים ב כ) שָׁלוֹם וְאֱמֶת (תהלים קג) חֶסֶד וְרַחֲמִים. וְכַד אִתְחַבְּרַת סִטְרָא אַחֲרָא בְּדִינָא, שַׁלְטָא בְּקִטְרוּגָא, בְּאִינּוּן אַרְבַּע מִיתוֹת בַיִת דִּין: סְקִילָה, שְׂרֵיפָה, הֶרֶג, וְחֶנְק. כֻּלְּהוּ שׁוּלְטָנוּתָא דְּקִטְרוּגָא בִּישָׁא. סְקִילָה, בְּגִין דְּאִיהוּ (ישעיה ח) אֶבֶן נֶגֶף. שְׂרֵיפָה, בְּגִין דְּאִיהוּ (ישעיה ח) צוּר מִכְשׁוֹל, אֶשָּׁא תַּקִיפָא. הֶרְג, דָּא (דברים לב) חֶרֶב תֹּאכַל בָּשָׂר. תֹּאכַל בָּשָׂר וַדָאי, דְּשַׁלְטָא (שלח ק''ע ע''א) בְּבִשְׂרָא, וְדָא הוּא (בראשית ו) קֵץ כָּל בָּשָׂר. חֶנֶק, בְּגִין דְּאִיהוּ (דברים כא) קִלְּלַת אֱלֹהִי''ם, הַהוּא דְּשַׁלְטָא עַל חֶנֶק, עַל צְלִיבוּ. וְאוֹקִימְנָא, בְּגִין דְּלָא יִשְׁתְּאַר אֶלָּא בִּשְׂרָא בִּלְחוֹדוֹי, וְהַהוּא קִלְּלַת אֱלֹהִים, שַׁלְטָא בְּבִשְׂרָא, מָרָה חֲשׁוֹכָא. וּבְגִין כַּךְ, דָּא לְטָב וְדָא לְבִישׁ. וְאִצְטְרִיכוּ יִשְׂרָאֵל דְּרָזָא דִּמְהֵימְנוּתָא בְּהוּ, לְאִסְתַּמְרָא, בְּגִין דְּיִשְׁלוֹט סִטְרָא דִּמְהֵימְנוּתָא, וְלָא יַהֲבוּן דּוּכְתָּא לְסִטְרָא אַחֲרָא לְשַׁלְּטָאָה זַכָּאִין אִינּוּן בְּעָלְמָא דֵּין, וּבְעָלְמָא דְּאָתֵי, עָלַיְיהוּ כְּתִיב (ישעיה ס) וְעַמֵּךְ כֻּלָּם צַדִּיקִים וְגוֹ'. נְבִיאִין, דְּאִינּוּן סִטְרִין עִלָּאִין, תְּרֵין יַרְכִין דְּסַמְכִין לְאוֹרַיְיתָא קַדִישָׁא, אִינּוּן נַטְלִין לְהֵיכָלָא דִּתְרֵין רוּחִין בֵּיהּ, דְּאִינּוּן נֹגַהּ וְזֹהַר. וְאִינּוּן תְּרֵין יַרְכִין לְתַתָא, לְסַמְכָא לְאִינּוּן הֵיכָלִין דִּלְעֵילָּא, דְּאִקְרוּן תּוֹרָה שֶׁבְּעַל פֶּה. כְּמָה דְּאִית סַמְכִין לְאוֹרַיְיתָא דְּאִיהִי תּוֹרָה שֶׁבִּכְתָב, כַּךְ אִית סַמְכִין קַיְימִין לְאוֹרַיְיתָא דְּאִיהִי תּוֹרָה שֶׁבְּעַל פֶּה. וְאִתְכְלִילוּ דָּא בְּדָא. כְּדֵין אִלֵּין תְּרֵין סַמְכִין דִּלְתַתָּא, כַּד מִתְחַבְּרָן בְּאִלֵּין עִלָּאִין, אִתְרְשִׁים בְּהוּ סִטְרָא דִּנְבוּאָה, וּמַאן אִיהוּ. (רמז) מַרְאֶה, דְּאִיהוּ כְּגַוְונָא דִּנְבוּאָה. וְכָל אִינּוּן מָארֵיהוֹן דְּמַרְאֶה, מֵהָכָא יַנְקִין. לְעֵילָּא נְבוּאָה, הָכָא מַרְאֶה. וְעַל דָּא, אִיהוּ דָּא כְּגַוְונָא דָּא, וְדָא כְּגַוְונָא דָּא. וְכַד מִתְחַבְּרָן דָּא בְּדָא, כְּדֵין שַׁלִּיט עַל הַאי אֲתָר, (אתרשים) שְׁמָא קַדִישָׁא, דְּאִקְרֵי צְבָאוֹת. בְּגִין דְּכָל אִינּוּן חַיָּילִין קַדִישִׁין, כֻּלְּהוּ קַיְימֵי הָכָא, וְכֻלְּהוּ אִקְרוּן מִסִּטְרָא דִּנְבוּאָה, מַרְאֶה וְחֶלְמָא מִסִּטְרָא דִּנְבוּאָה הֲווֹ. וְאַף עַל גַּב דְּקָא אַמְרֵינָן, דִּי בְּגוֹ הַהוּא אוֹת קַיָּימָא קַדִּישָׁא, שַׁרְיָא שְׁמָא דָּא. בְּגִין דְּכֻּלְּהוּ חַיָּילִין נַפְקֵי מֵהַאי אוֹת. עִם כָּל דָּא, יַרְכִין דְּאִינּוּן קַיְימִין לְבַר, קָרֵינָן עַל שְׁמָא דָּא, וְאִלֵּין אִינּוּן דְּאִקְרוּן בָּרַיְיתֵי, דְּהָא בָּרַיְיתָא לְבַר מִמִּשְׁנָה. מַתְנִיתִין קַיְּימָא לְגוֹ בָּרַיְיתֵי, וְאִקְרוּן יַרְכִין בָּתֵּי בָּרָאי, כְּגַוְונָא דִּי לְעֵילָּא. מַתְנִיתִין אִיהוּ רָזָא דְּקַיְּימָא לְגוֹ, דְּאוֹלְפֵי תַּמָּן עִקָּרָא דְּכֹלָּא, וְעַל תָנָאֵי, וְרָזָא (דא) דְּהַךְ, (שיר השירים ח) אֶנְהָגְךָ אֲבִיאֲךָ אֶל בֵּית אִמִּי תְּלַמְּדֵנִי. אֶל בֵּית אִמִּי: דָּא קֹדֶשׁ הַקָּדָשִׁים. תְּלַמְּדֵנִי: דָּא הוּא רָזָא דְּמַתְנִיתִין. דְּכַד עָאל דָּא נָהָר דְּנָגִיד וְנָפִיק, בְּהַהוּא בֵּית קֹדֶשׁ הַקָּדָשִׁים, כְּתִיב תְּלַמְּדֵנִי. וְדָא הוּא רָזָא, דְּאִקְרֵי מִשְׁנָה. כְּמָה דְאַתְּ אָמֵר (דברים יז) אֶת מִשְׁנֵה הַתּוֹרָה הַזֹּאת. כַּד אִתְמַשְּׁכָא לְבַר, אִקְרֵי בָּרַיְיתָא. תְּרֵין יַרְכִין אִינּוּן בָּרַיְיתֵי, רָזָא דְּרָזִין דְּלָא אִתְיְיהִיב לְאִתְגַּלָּאָה. בְּגִין דְּלָא אִתְמְסַר רָזָא בַּר לְחַכִּימֵי עֶלְיוֹנִין. וַוי אִי אִתְגְּלֵי, וַוי אִי לָא אִתְגְּלֵי, בְּגִין דְּאִיהוּ רָזָא מֵרָזִין עִלָּאִין דְקוּדְשָׁא בְּרִיךְ הוּא אַנְהִיג בֵּיהּ עָלְמָא.  דף רנ''ח ע''א בַּיִת רִאשׁוֹן קַיְּימָא בִּימֵי שְׁלֹמֹה, לָקֳבֵל עָלְמָא עִלָּאָה, וְאִיהוּ אִקְרֵי בַּיִת רִאשׁוֹן, וְאִשְׁתָּמַשׁ כֹּלָּא בְּבֵית קֹדֶשׁ הַקָּדָשִׁים, אֲתָר דְּאִשְׁתַּמֵּשׁ בֵּיהּ שִׁמְשָׁא (דף רנ''ח ע''א) בְּסִיהֲרָא. וְרָזִין עִלָּאִין כֻּלְּהוּ בִּשְׁלִימוּ,",,דף רנז עמוד ב | העמוד היומי בזוהר - פרשת פקודי | שיעור קצר,TRUE,TRUE,"דף רנז עמוד ב | העמוד היומי בזוהר - פרשת פקודי | שיעור קצר
שיעור חדש- מוזמנים לצפות 
שאלות, הצעות, בקשות? כתבו לנו",FALSE,פרשת פקודי - דף רנז עמוד ב,TRUE,*דף רנז עמוד ב* העמוד היומי בזוהר - פרשת פקודי | שיעור קצר,FALSE,דף רנז עמוד ב,TRUE,,
01/09/2026 11:35:11,העמוד היומי בזוהר - פרשת פקודי | שיעור קצר,דף רנח עמוד א,"בַּיִת רִאשׁוֹן קַיְּימָא בִּימֵי שְׁלֹמֹה, לָקֳבֵל עָלְמָא עִלָּאָה, וְאִיהוּ אִקְרֵי בַּיִת רִאשׁוֹן, וְאִשְׁתָּמַשׁ כֹּלָּא בְּבֵית קֹדֶשׁ הַקָּדָשִׁים, אֲתָר דְּאִשְׁתַּמֵּשׁ בֵּיהּ שִׁמְשָׁא (דף רנ''ח ע''א) בְּסִיהֲרָא. וְרָזִין עִלָּאִין כֻּלְּהוּ בִּשְׁלִימוּ, וְקַיְּימָא עָלְמָא בְּאַשְׁלְמוּתָא. וּלְבָתַר גָּרְמוּ חוֹבִין, וְאִתְמְשָׁכוּ רָזִין, וְאִתְדַּחְיָין מִבֵּית קֹדֶשׁ הַקָּדָשִׁים לְבַר. כַּד אִתְדָּחוּ לְיַרְכִין, כְּדֵין קַיְימוּ לְבַר, דְּאִקְרוּן בָּתֵּי בָּרָאי, וְאִצְטְרִיכוּ לְבָרַיְיתֵי. בַּיִת שֵׁנִי קַיְימוּ בְּבָתֵּי בָּרָאי בְּיַרְכִּין, וּמִנַּיְיהוּ אָהַדְרוּ וְשָׁאֲרוּ (האי) בְּבֵית קֹדֶשׁ הַקָּדָשִׁים וְאִיהוּ בַּיִת שֵׁנִי. וְאִינּוּן אַחֲרָנִין אִשְׁתָּאֲרוּ בְּבָרַיְיתָא לְבַר, בֵּינֵי יַרְכִין. (ס''א והני עקרא דלהון מתניתין דאיהו בית שני וברייתא אינון דשרו בבי ירכין והוו וכו') וַהֲווּ אוֹלְפִין מִמַּתְנִיתִין, וְאִתְנְהִיגוּ מִינָּהּ, וְהַיְינוּ רָזָא דִּכְתִּיב, (ישעיה ב) כִּי מִצִּיּוֹן תֵּצֵא תּוֹרָה. וּלְבָתַר כַּד גָּרְמוּ חוֹבִין, אִתְעָדֵי שׁוּלְטָנוּתָא דְּהַאי בַּיִת שֵׁנִי, (ואף על גב) דְּשׁוּלְטָנָא דִּילֵיהּ לָא הֲוָה כְּבַיִת רִאשׁוֹן, דְּהֲוָה בֵּיהּ שְׁלָמָא תָּדִיר, בְּגִין דְּמַלְכָּא דִּשְׁלָמָא דִּילֵיהּ תָּדִיר הֲוָה בְּגַוֵּויהּ, וְעַל דָּא הֲוָה בִּשְׁלָם. בַּיִת שֵׁנִי לָא הֲוָה בֵּיהּ שְׁלָם הָכִי, בְּגִין דְּעָרְלָה קִטְרוּגָא בֵּיהּ תָּדִיר, וְעַל דָּא הֲווֹ כַּהֲנֵי זְמִינִין בְּגַוֵּיהּ, לְקַטְרְגָא בְּהַאי עָרְלָה, וּלְהוּ אִצְטְרִיךְ מִלָּה, לְקַטְרְגָא בַּהֲדָהּ, וּלְאַגָּנָא עַל בַּיִת שֵׁנִי. וְכֹלָּא בְּרָזָא כַּדְקָא חֲזֵי. לְבָתַר גָּרְמוּ חוֹבִין, וְשַׁלְטָא הַהִיא עָרְלָה, וְאִתְדַּחְיָין מִבַּיִת שֵׁנִי לְבַר, וְנַחְתּוּ מִתַּמָּן לְחַמּוּקֵי יַרְכִין, לְתַתָּא, (נ''א ולבתר נחתי מתמן ואתדחו מאינון חמוקי דלתתא) עַד דִּי שָׁרוּן לְתַתָּא בְּרַגְלִין. וְכַד יִתְבוּן בְּרַגְלִין, כְּדֵין, (זכריה יד) וְעָמְדוּ רַגְלָיו בַּיוֹם הַהוּא, וְעָלְמָא בְּכֹלָּא יִתְנְהִיג בְּרָזָא עִלָּאָה כַּדְקָא חֲזֵי. וְאַף עַל גַּב דְּאִתְדַּחוּ וְלָא אִשְׁתְּבָקוּ מִנֵּיהּ, וּלְעָלְמִין אִתְאֲחִידוּ בֵּיהּ. וּמַאן דְּיָדַע וּמָדִיד בְּשִׁיעוּרָא (רל''ג ע''א) דְּקַו הַמִּדָּה, אַרְכָּא דִּמְשִׁיכוּ דְּיַרְכִּין עַד רַגְלִין, יָכִיל לְמִנְדַּע (ויקרא ר''ס ע''א) מְשִׁיחָא דְּגָלוּתָא דְּאִתְמְשָׁךְ. וְרָזָא אִיהוּ בֵּין מְחַצְּדֵי חַקְלָא, וְכֹלָּא בְּרָזָא עִלָּאָה. וּבְגִין דָּא, כֻּלְּהוּ בָּרַיְיתֵי, וְכֻלְּהוּ תָּנָאֵי, וְכֻלְּהוּ אֱמוֹרָאֵי, קַיְימֵי בְּדוּכְתַּיְיהוּ כַּדְקָא חֲזֵי, אִלֵּין לְגוֹ, וְאִלֵּין לְבַר, בְּאִינּוּן חַמּוּקֵי יַרְכִין (ואלין לבר) וּלְתַתָּא מְבָרְכִין. וּבְכֻלְּהוּ אִקְרֵי תּוֹרָה שֶׁבְּעַל פֶּה. וּבְכֻלְּהוּ נַחְתֵּי יִשְׂרָאֵל וְאִתְגָּלוּ. וּכְדֵין כַּד יִסְתַּיֵים גָּלוּתָא, בִּמְשִׁיכוּ דְּרַגְלִין, כְּדֵין וְעָמְדוּ רַגְלָיו בַּיוֹם הַהוּא, וְיִתְעֲבָר הַהוּא רוּחָא מְסַאֲבָא עָרְלָה מִן עָלְמָא, וְיִתְהַדְרוּן יִשְׂרָאֵל בִּלְחוֹדַיְיהוּ לְשַׁלְּטָאָה כְּדְקָא יֵאוֹת, בְּגִין דְּהַהוּא עָרְלָה, נָחִית לוֹן לְתַתָּא, עַד הַשְׁתָּא. וּמִכָּאן וּלְהָלְאָה, דְּהַאי עָרְלָה אִתְקְצָץ וְאִתְעֲבָר מִגּוֹ עָלְמָא, כְּדֵין (דברים לג) וַיִשְׁכּוֹן יִשְׂרָאֵל בֶּטַח בָּדָד עֵין יַעֲקֹב. בְּהַהוּא עֵין יַעֲקֹב, וְלָא אִשְׁתְּכַח מְקַטְרְגָא עָלַיְיהוּ. זַכָּאָה חוּלָקֵיהוֹן דְּיִשְׂרָאֵל בְּעָלְמָא דֵּין בְּעָלְמָא דְּאָתֵי. יוֹסֵף הַצַּדִיק, עַמּוּדָא דְּעָלְמָא, אִיהוּ נָטִיל בִּרְשׁוּתָא הֵיכָלָא טָמִיר וְגָנִיז, וּבִרְשׁוּתֵיהּ קַיְּימָא הֵיכָלָא שְׁבִיעָאָה. וְאַף עַל גַּב דְּקָא אַמָרָן דְּהֵיכָלָא (רמ''ו ע''א, רס''ו ע''א, בראשית מ''ה ע''א) דְּלִבְנַת הַסַּפִּיר בִּרְשׁוּתֵיהּ קַיְּימָא, הָכִי הוּא דְּבֵיהּ מְתַקֵּן. אֲבָל תָּא חֲזֵי, נְבִיאִים דְּקָא אַמָרָן. כַּד מִתְחַבְּרֵי לְתַתָּא, תְּרֵין דַּרְגִּין מִתְפָּרְשִׁין מִנַּיְיהוּ, מַרְאֶה וַחֲלוֹם, וְקַיְימֵי בְּיַרְכִין. בְּאִינּוּן חַמּוּקִין קַיְימֵי מַרְאֶה, וְהַהוּא דְּאִקְרֵי נְבוּאָה קְטַנָּה. מְיַרְכִין וּלְתַתָּא (ס''א לתתא) (רס''ב ע''א רמ''ז ע''ב) קָאִים חֲלוֹם, עַד דְּמָאטוּ רַגְלִין בְּרַגְלִין. וְתַמָּן קָאִים הֵיכָלָא תַּתָּאָה וְאִקְרֵי לִבְנַת הַסַּפִּיר. כֹּלָּא יַרְכִין בְּיַרְכִין, לְאִשְׁתַּלְּמָא חַד בְּחַד, וְכֻלְּהוּ דַּרְגִּין דִּנְבוּאָה, דְּהָא מִתַּמָּן נַפְקֵי וְשָׁרָאן, וְאִתְעָבִידוּ מִנַּיְיהוּ מַרְאֶה, וְשָׁרָאן עַל הַאי אֲתָר, וְאִתְעָבִיד מִנַּיְיהוּ חֲלוֹם. יוֹסֵף הַצַּדִיק, אִיהוּ שְׁלֵימָא דְּכֹלָּא, אִיהוּ נָטִיל כֹּלָּא. בְּגִין דְּכֹלָּא אִתְקַּן בְּגִינֵיהּ, כֹּלָּא תָּאִיב בְּתִיאוּבְתָּא בְּגִינִיהּ. תָּא חֲזֵי, בְּשַׁעֲתָא דְּיוֹסֵף הַצַּדִיק קַיְּימָא לְאַתְקְנָא כֹּלָּא, כְּדֵין אִיהוּ נָטִיל כֹּלָּא. וְכַד אִתְחַבָּר בְּהֵיכָלֵיהּ, כְּדֵין מִתְעָרֵי כֻּלְּהוּ, לְנַטְלָא תִּיאוּבְתָּא וּרְעוּתָא, עִלָּאֵי וְתַתָּאֵי, וְכֹלָּא אִינּוּן בִּרְעוּתָא חֲדָא וּשְׁלִימוּ חַד, לְמֶחְדֵּי (למהוי) עִלָּאֵי וְתַתָּאֵי, רְעוּתָא חֲדָא כְּדְקָא יֵאוֹת. וְכֻלְּהוּ תַּתָּאֵי קַיְימֵי בְּקִיּוּמָא בְּגִינֵיהּ, וְעַל דָּא כְּתִיב, (משלי י) וְצַדִּיק יְסוֹד עוֹלָם. וְעַל הַאי יְסוֹדָא קָאִים הַאי עָלְמָא.  דף רנ''ח ע''ב הַאי לִבְנַ''ת הַסַּפִּי''ר, לָא קָאִים בְּקִיּוּמֵיהּ, עַד דְּהַאי יוֹסֵף הַצַּדִיק. אִתְתָּקַּן. וְכַד אִיהוּ אִתְתָּקַּן, כֹּלָּא מִתְתַּקְנִי דָּא הוּא יְסוֹדָא דְּכֻּלְּהוּ בִּנְיָינָא. וְעַל דָּא כְּתִיב, (בראשית ב) וַיִּבֶן יְיָ' אֱלֹהִים אֶת הַצֵּלָע, וְלָא כְּתִיב וַיִּיצֶר, וְלָא כְּתִיב וַיִּבְרָא. בְּגִין דְּהַאי קַיְּימָא עַל יְסוֹדָא, וּלְבָתַר דִּיְסוֹדָא אִתְקַּן, כֹּלָּא אִתְבְּנֵי (דף רנ''ח ע''ב) עָלֵיהּ. וּבְגִין דָּא, כֻּלְּהוּ קַיְימִין בְּהַאי, וְהָא אוֹקִימְנָא.",,דף רנח עמוד א | העמוד היומי בזוהר - פרשת פקודי | שיעור קצר,TRUE,TRUE,"דף רנח עמוד א | העמוד היומי בזוהר - פרשת פקודי | שיעור קצר
שיעור חדש- מוזמנים לצפות 
שאלות, הצעות, בקשות? כתבו לנו",FALSE,פרשת פקודי - דף רנח עמוד א,TRUE,*דף רנח עמוד א* העמוד היומי בזוהר - פרשת פקודי | שיעור קצר,FALSE,דף רנח עמוד א,TRUE,,
31/08/2026 18:43:05,העמוד היומי בזוהר - פרשת פקודי | שיעור קצר,דף רנח עמוד ב,"רנח ע""ב: ""תא חזי"" - עד רנט ע""א: ""גו סתירו עילאה""",,דף רנח עמוד ב | העמוד היומי בזוהר - פרשת פקודי | שיעור קצר,TRUE,TRUE,"דף רנח עמוד ב | העמוד היומי בזוהר - פרשת פקודי | שיעור קצר
שיעור חדש- מוזמנים לצפות 
שאלות, הצעות, בקשות? כתבו לנו",FALSE,פרשת פקודי - דף רנח עמוד ב,TRUE,*דף רנח עמוד ב* העמוד היומי בזוהר - פרשת פקודי | שיעור קצר,FALSE,דף רנח עמוד ב,TRUE,,
01/09/2026 10:55:42,העמוד היומי בזוהר - פרשת פקודי | שיעור קצר,דף רנט עמוד א,"רנט ע""א: ""עולם עילאה סליק"" - עד: ""ולא אחורי אשתו""",,דף רנט עמוד א | העמוד היומי בזוהר - פרשת פקודי | שיעור קצר,TRUE,TRUE,"דף רנט עמוד א | העמוד היומי בזוהר - פרשת פקודי | שיעור קצר
שיעור חדש- מוזמנים לצפות 
שאלות, הצעות, בקשות? כתבו לנו",FALSE,פרשת פקודי - דף רנט עמוד א,TRUE,*דף רנט עמוד א* העמוד היומי בזוהר - פרשת פקודי | שיעור קצר,FALSE,דף רנט עמוד א,TRUE,,
01/09/2026 12:10:57,שיעורים קצרים לדרך - הארה בפרשה | הרב מנשה וינר,פרשת נצבים וילך - מה פירוש המילה נצבים?,,,פרשת נצבים וילך - מה פירוש המילה נצבים? | שיעורים קצרים לדרך - הארה בפרשה | הרב מנשה וינר,TRUE,TRUE,"פרשת נצבים וילך - מה פירוש המילה נצבים? | שיעורים קצרים לדרך - הארה בפרשה | הרב מנשה וינר
שיעור חדש- מוזמנים לצפות 
שאלות, הצעות, בקשות? כתבו לנו",TRUE,פרשת נצבים וילך - מה פירוש המילה נצבים?,TRUE,*פרשת נצבים וילך - מה פירוש המילה נצבים?* שיעורים קצרים לדרך - הארה בפרשה | הרב מנשה וינר,TRUE,פרשת נצבים וילך - מה פירוש המילה נצבים?,TRUE,,
01/09/2026 12:12:54,שיעורים קצרים לדרך - החיזוק השבועי | הרב יהושע ויצמן,חייב אדם להודות על הרעה כשם שהוא מודה על הטובה,,,חייב אדם להודות על הרעה כשם שהוא מודה על הטובה | שיעורים קצרים לדרך - החיזוק השבועי | הרב יהושע ויצמן,TRUE,TRUE,"חייב אדם להודות על הרעה כשם שהוא מודה על הטובה | שיעורים קצרים לדרך - החיזוק השבועי | הרב יהושע ויצמן
שיעור חדש- מוזמנים לצפות 
שאלות, הצעות, בקשות? כתבו לנו",TRUE,חייב אדם להודות על הרעה כשם שהוא מודה על הטובה,TRUE,*חייב אדם להודות על הרעה כשם שהוא מודה על הטובה* שיעורים קצרים לדרך - החיזוק השבועי | הרב יהושע ויצמן,TRUE,חייב אדם להודות על הרעה כשם שהוא מודה על הטובה,TRUE,,
01/09/2026 12:56:14,שיעור כללי | הרב יהושע ויצמן,כוונה בתקיעת שופר,,,כוונה בתקיעת שופר | שיעור כללי | הרב יהושע ויצמן,TRUE,TRUE,"כוונה בתקיעת שופר | שיעור כללי | הרב יהושע ויצמן
שיעור חדש- מוזמנים לצפות 
שאלות, הצעות, בקשות? כתבו לנו",FALSE,כוונה בתקיעת שופר,TRUE,*כוונה בתקיעת שופר* שיעור כללי | הרב יהושע ויצמן,FALSE,כוונה בתקיעת שופר,TRUE,,
01/09/2026 15:05:58,"תנ""ך - ספר תהלים | הרב אלעזר אהרנסון",מזמור יג - עד מתי??,תהלים פרק יג (א) לַמְנַצֵּ֗חַ מִזְמ֥וֹר לְדָוִֽד: (ב) עַד־אָ֣נָה יְ֭קֹוָק תִּשְׁכָּחֵ֣נִי נֶ֑צַח עַד־אָ֓נָה׀ תַּסְתִּ֖יר אֶת־פָּנֶ֣יךָ מִמֶּֽנִּי: (ג) עַד־אָ֨נָה אָשִׁ֢ית עֵצ֡וֹת בְּנַפְשִׁ֗י יָג֣וֹן בִּלְבָבִ֣י יוֹמָ֑ם עַד־אָ֓נָה׀ יָר֖וּם אֹיְבִ֣י עָלָֽי: (ד) הַבִּ֣יטָֽה עֲ֭נֵנִי יְקֹוָ֣ק אֱלֹהָ֑י הָאִ֥ירָה עֵ֝ינַ֗י פֶּן־אִישַׁ֥ן הַמָּֽוֶת: (ה) פֶּן־יֹאמַ֣ר אֹיְבִ֣י יְכָלְתִּ֑יו צָרַ֥י יָ֝גִ֗ילוּ כִּ֣י אֶמּֽוֹט: (ו) וַאֲנִ֤י׀ בְּחַסְדְּךָ֣ בָטַחְתִּי֘ יָ֤גֵ֥ל לִבִּ֗י בִּֽישׁוּעָ֫תֶ֥ךָ אָשִׁ֥ירָה לַיקֹוָ֑ק כִּ֖י גָמַ֣ל עָלָֽי: ,,"מזמור יג - עד מתי?? | תנ""ך - ספר תהלים | הרב אלעזר אהרנסון",TRUE,TRUE,"מזמור יג - עד מתי?? | תנ""ך - ספר תהלים | הרב אלעזר אהרנסון
שיעור חדש- מוזמנים לצפות 
שאלות, הצעות, בקשות? כתבו לנו",FALSE,מזמור יג - עד מתי??,TRUE,"*מזמור יג - עד מתי??* תנ""ך - ספר תהלים | הרב אלעזר אהרנסון",FALSE,מזמור יג - עד מתי??,TRUE,,
01/09/2026 15:06:43,"תנ""ך - ספר תהלים | הרב אלעזר אהרנסון",מזמור יד - האם יש מוסר בלי אמונה?,תהלים פרק יד (א) לַמְנַצֵּ֗חַ לְדָ֫וִ֥ד אָ֮מַ֤ר נָבָ֣ל בְּ֭לִבּוֹ אֵ֣ין אֱלֹהִ֑ים הִֽשְׁחִ֗יתוּ הִֽתְעִ֥יבוּ עֲלִילָ֗ה אֵ֣ין עֹֽשֵׂה־טֽוֹב: (ב) יְֽקֹוָ֗ק מִשָּׁמַיִם֘ הִשְׁקִ֪יף עַֽל־בְּנֵי־אָ֫דָ֥ם לִ֭רְאוֹת הֲיֵ֣שׁ מַשְׂכִּ֑יל דֹּ֝רֵשׁ אֶת־אֱלֹהִֽים: (ג) הַכֹּ֥ל סָר֘ יַחְדָּ֪ו נֶ֫אֱלָ֥חוּ אֵ֤ין עֹֽשֵׂה־ט֑וֹב אֵ֝֗ין גַּם־אֶחָֽד: (ד) הֲלֹ֥א יָדְעוּ֘ כָּל־פֹּ֪עֲלֵ֫י אָ֥וֶן אֹכְלֵ֣י עַ֭מִּי אָ֣כְלוּ לֶ֑חֶם יְ֝קֹוָ֗ק לֹ֣א קָרָֽאוּ: (ה) שָׁ֤ם׀ פָּ֣חֲדוּ פָ֑חַד כִּֽי־אֱ֝לֹהִ֗ים בְּד֣וֹר צַדִּֽיק: (ו) עֲצַת־עָנִ֥י תָבִ֑ישׁוּ כִּ֖י יְקֹוָ֣ק מַחְסֵֽהוּ: (ז) מִ֥י יִתֵּ֣ן מִצִּיּוֹן֘ יְשׁוּעַ֪ת יִשְׂרָ֫אֵ֥ל בְּשׁ֣וּב יְ֭קֹוָק שְׁב֣וּת עַמּ֑וֹ יָגֵ֥ל יַ֝עֲקֹ֗ב יִשְׂמַ֥ח יִשְׂרָֽאֵל: ,,"מזמור יד - האם יש מוסר בלי אמונה? | תנ""ך - ספר תהלים | הרב אלעזר אהרנסון",TRUE,TRUE,"מזמור יד - האם יש מוסר בלי אמונה? | תנ""ך - ספר תהלים | הרב אלעזר אהרנסון
שיעור חדש- מוזמנים לצפות 
שאלות, הצעות, בקשות? כתבו לנו",FALSE,מזמור יד - האם יש מוסר בלי אמונה?,FALSE,"*מזמור יד - האם יש מוסר בלי אמונה?* תנ""ך - ספר תהלים | הרב אלעזר אהרנסון",FALSE,מזמור יד - האם יש מוסר בלי אמונה?,TRUE,,
01/09/2026 17:27:25,שיעור עיון בזוהר - פרשת יתרו | הרב יהושע ויצמן,דף פג עמוד ב #2 - לאמור כשמלכות עטרה לתפארת,"פג ע""ב: ""לאמור"" - עד: ""ישלח איש את אשתו""",https://drive.google.com/file/d/1Ga3B43Pwg-ZCDlohnrs6-uRSOAg0sRIh/preview,דף פג עמוד ב #2 - לאמור כשמלכות עטרה לתפארת | שיעור עיון בזוהר - פרשת יתרו | הרב יהושע ויצמן,TRUE,TRUE,"דף פג עמוד ב #2 - לאמור כשמלכות עטרה לתפארת | שיעור עיון בזוהר - פרשת יתרו | הרב יהושע ויצמן
שיעור חדש- מוזמנים לצפות 
שאלות, הצעות, בקשות? כתבו לנו",FALSE,פרשת יתרו - דף פג עמוד ב #2 - לאמור כשמלכות עטרה לתפארת,TRUE,*דף פג עמוד ב #2 - לאמור כשמלכות עטרה לתפארת* שיעור עיון בזוהר - פרשת יתרו | הרב יהושע ויצמן,FALSE,דף פג עמוד ב #2 - לאמור כשמלכות עטרה לתפארת,TRUE,,
01/09/2026 18:46:13,"תנ""ך - ספר תהלים | הרב אלעזר אהרנסון","מזמורים ח-יד במבט על, שיעור מסכם",,,"מזמורים ח-יד במבט על, שיעור מסכם | תנ""ך - ספר תהלים | הרב אלעזר אהרנסון",TRUE,TRUE,"מזמורים ח-יד במבט על, שיעור מסכם | תנ""ך - ספר תהלים | הרב אלעזר אהרנסון
שיעור חדש- מוזמנים לצפות 
שאלות, הצעות, בקשות? כתבו לנו",FALSE,"מזמורים ח-יד במבט על, שיעור מסכם",TRUE,"*מזמורים ח-יד במבט על, שיעור מסכם* תנ""ך - ספר תהלים | הרב אלעזר אהרנסון",FALSE,"מזמורים ח-יד במבט על, שיעור מסכם",TRUE,,
02/09/2026 09:11:06,עִתִּים לַתּוֹרָה - מועדי ישראל | הרב מרדכי פרומר,ראש השנה שחל בשבת-תקיעת שופר,,,ראש השנה שחל בשבת-תקיעת שופר | עִתִּים לַתּוֹרָה - מועדי ישראל | הרב מרדכי פרומר,TRUE,TRUE,"ראש השנה שחל בשבת-תקיעת שופר | עִתִּים לַתּוֹרָה - מועדי ישראל | הרב מרדכי פרומר
שיעור חדש- מוזמנים לצפות 
שאלות, הצעות, בקשות? כתבו לנו",FALSE,מועדי ישראל | הרב מרדכי פרומר - ראש השנה שחל בשבת-תקיעת שופר,TRUE,*ראש השנה שחל בשבת-תקיעת שופר* עִתִּים לַתּוֹרָה - מועדי ישראל | הרב מרדכי פרומר,FALSE,ראש השנה שחל בשבת-תקיעת שופר,TRUE,,
02/09/2026 10:11:14,עִתִּים לַתּוֹרָה - אגדתות | הרב שי הוד,זכו נכתבים לחיים לאזכו נכתבין למיתה,,,זכו נכתבים לחיים לאזכו נכתבין למיתה | עִתִּים לַתּוֹרָה - אגדתות | הרב שי הוד,TRUE,TRUE,"זכו נכתבים לחיים לאזכו נכתבין למיתה | עִתִּים לַתּוֹרָה - אגדתות | הרב שי הוד
שיעור חדש- מוזמנים לצפות 
שאלות, הצעות, בקשות? כתבו לנו",FALSE,אגדתות | הרב שי הוד - זכו נכתבים לחיים לאזכו נכתבין למיתה,TRUE,*זכו נכתבים לחיים לאזכו נכתבין למיתה* עִתִּים לַתּוֹרָה - אגדתות | הרב שי הוד,FALSE,זכו נכתבים לחיים לאזכו נכתבין למיתה,TRUE,,
02/09/2026 11:08:26,עִתִּים לַתּוֹרָה - עיונים בספר שמות | הרב תמיר כהן,"המזבח-שמות כז, א-ח",,,"המזבח-שמות כז, א-ח | עִתִּים לַתּוֹרָה - עיונים בספר שמות | הרב תמיר כהן",TRUE,TRUE,"המזבח-שמות כז, א-ח | עִתִּים לַתּוֹרָה - עיונים בספר שמות | הרב תמיר כהן
שיעור חדש- מוזמנים לצפות 
שאלות, הצעות, בקשות? כתבו לנו",FALSE,"עיונים בספר שמות | הרב תמיר כהן - המזבח-שמות כז, א-ח",TRUE,"*המזבח-שמות כז, א-ח* עִתִּים לַתּוֹרָה - עיונים בספר שמות | הרב תמיר כהן",FALSE,"המזבח-שמות כז, א-ח",TRUE,,
02/09/2026 12:06:27,עִתִּים לַתּוֹרָה - ספר הכוזרי | הרב שלמה בן אליהו,"השמחה בעבודת ה' שני, עה מט",,,"השמחה בעבודת ה' שני, עה מט | עִתִּים לַתּוֹרָה - ספר הכוזרי | הרב שלמה בן אליהו",TRUE,TRUE,"השמחה בעבודת ה' שני, עה מט | עִתִּים לַתּוֹרָה - ספר הכוזרי | הרב שלמה בן אליהו
שיעור חדש- מוזמנים לצפות 
שאלות, הצעות, בקשות? כתבו לנו",FALSE,"ספר הכוזרי | הרב שלמה בן אליהו - השמחה בעבודת ה' שני, עה מט",TRUE,"*השמחה בעבודת ה' שני, עה מט* עִתִּים לַתּוֹרָה - ספר הכוזרי | הרב שלמה בן אליהו",FALSE,"השמחה בעבודת ה' שני, עה מט",TRUE,,
02/09/2026 15:09:15,חסידות בפרשה | הרב אלעזר אהרנסון,פרשת ניצבים - אתם נצבים היום כולכם,,,פרשת ניצבים - אתם נצבים היום כולכם | חסידות בפרשה | הרב אלעזר אהרנסון,TRUE,TRUE,"פרשת ניצבים - אתם נצבים היום כולכם | חסידות בפרשה | הרב אלעזר אהרנסון
שיעור חדש- מוזמנים לצפות 
שאלות, הצעות, בקשות? כתבו לנו",FALSE,פרשת ניצבים - אתם נצבים היום כולכם,FALSE,*פרשת ניצבים - אתם נצבים היום כולכם* חסידות בפרשה | הרב אלעזר אהרנסון,FALSE,פרשת ניצבים - אתם נצבים היום כולכם,TRUE,,
02/09/2026 17:23:27,שיעור עיון בזוהר - פרשת יתרו | הרב יהושע ויצמן,דף פג עמוד ב #3 - אש וחושך,"פג ע""ב: ""אמר רבי יצחק אמאי"" - עד: ""דאסתכם על ידוי""",https://drive.google.com/file/d/1DMmvNHzNymrlVFcLZ-HzlpTlNacqYfsu/preview,דף פג עמוד ב #3 - אש וחושך | שיעור עיון בזוהר - פרשת יתרו | הרב יהושע ויצמן,TRUE,TRUE,"דף פג עמוד ב #3 - אש וחושך | שיעור עיון בזוהר - פרשת יתרו | הרב יהושע ויצמן
שיעור חדש- מוזמנים לצפות 
שאלות, הצעות, בקשות? כתבו לנו",FALSE,פרשת יתרו - דף פג עמוד ב #3 - אש וחושך,TRUE,*דף פג עמוד ב #3 - אש וחושך* שיעור עיון בזוהר - פרשת יתרו | הרב יהושע ויצמן,FALSE,דף פג עמוד ב #3 - אש וחושך,TRUE,,
02/09/2026 18:58:53,מדרש רבה | הרב יהושע ויצמן,"אתערותא דלתתא מביאה לאתערותא דלעילא (מג,ג)",,,"אתערותא דלתתא מביאה לאתערותא דלעילא (מג,ג) | מדרש רבה | הרב יהושע ויצמן",TRUE,TRUE,"אתערותא דלתתא מביאה לאתערותא דלעילא (מג,ג) | מדרש רבה | הרב יהושע ויצמן
שיעור חדש- מוזמנים לצפות 
שאלות, הצעות, בקשות? כתבו לנו",FALSE,"אתערותא דלתתא מביאה לאתערותא דלעילא (מג,ג)",FALSE,"*אתערותא דלתתא מביאה לאתערותא דלעילא (מג,ג)* מדרש רבה | הרב יהושע ויצמן",FALSE,"אתערותא דלתתא מביאה לאתערותא דלעילא (מג,ג)",TRUE,,
02/09/2026 18:59:16,לחיות עם פרשת השבוע | הרב יהושע ויצמן,פרשת ניצבים - גאולה ותשובה ,,,פרשת ניצבים - גאולה ותשובה  | לחיות עם פרשת השבוע | הרב יהושע ויצמן,TRUE,TRUE,"פרשת ניצבים - גאולה ותשובה  | לחיות עם פרשת השבוע | הרב יהושע ויצמן
שיעור חדש- מוזמנים לצפות 
שאלות, הצעות, בקשות? כתבו לנו",FALSE,פרשת ניצבים - גאולה ותשובה ,TRUE,*פרשת ניצבים - גאולה ותשובה * לחיות עם פרשת השבוע | הרב יהושע ויצמן,FALSE,פרשת ניצבים - גאולה ותשובה ,TRUE,,
02/09/2026 21:43:00,העמוד היומי בזוהר - פרשת פקודי | שיעור קצר,דף רנט עמוד ב,"סוף רנט ע""א: ""תרין אינון"" - עד רס ע""א: ""ברכאן לעילא ותתא""",,דף רנט עמוד ב | העמוד היומי בזוהר - פרשת פקודי | שיעור קצר,TRUE,TRUE,"דף רנט עמוד ב | העמוד היומי בזוהר - פרשת פקודי | שיעור קצר
שיעור חדש- מוזמנים לצפות 
שאלות, הצעות, בקשות? כתבו לנו",FALSE,פרשת פקודי - דף רנט עמוד ב,FALSE,*דף רנט עמוד ב* העמוד היומי בזוהר - פרשת פקודי | שיעור קצר,FALSE,דף רנט עמוד ב,TRUE,,
02/09/2026 23:01:19,"תנ""ך - ספר תהלים | הרב אלעזר אהרנסון","מזמור טו - מי יגור באהלך, מי ישכון בהר קדשך?",תהלים פרק טו (א) מִזְמ֗וֹר לְדָ֫וִ֥ד יְ֭קֹוָק מִי־יָג֣וּר בְּאָהֳלֶ֑ךָ מִֽי־יִ֝שְׁכֹּ֗ן בְּהַ֣ר קָדְשֶֽׁךָ: (ב) הוֹלֵ֣ךְ תָּ֭מִים וּפֹעֵ֥ל צֶ֑דֶק וְדֹבֵ֥ר אֱ֝מֶ֗ת בִּלְבָבֽוֹ: (ג) לֹֽא־רָגַ֨ל׀ עַל־לְשֹׁנ֗וֹ לֹא־עָשָׂ֣ה לְרֵעֵ֣הוּ רָעָ֑ה וְ֝חֶרְפָּ֗ה לֹא־נָשָׂ֥א עַל־קְרֹֽבוֹ: (ד) נִבְזֶ֤ה׀ בְּֽעֵ֮ינָ֤יו נִמְאָ֗ס וְאֶת־יִרְאֵ֣י יְקֹוָ֣ק יְכַבֵּ֑ד נִשְׁבַּ֥ע לְ֝הָרַ֗ע וְלֹ֣א יָמִֽר: (ה) כַּסְפּ֤וֹ׀ לֹא־נָתַ֣ן בְּנֶשֶׁךְ֘ וְשֹׁ֥חַד עַל־נָקִ֗י לֹ֥א לָ֫קָ֥ח עֹֽשֵׂה־אֵ֑לֶּה לֹ֖א יִמּ֣וֹט לְעוֹלָֽם: ,,"מזמור טו - מי יגור באהלך, מי ישכון בהר קדשך? | תנ""ך - ספר תהלים | הרב אלעזר אהרנסון",TRUE,TRUE,"מזמור טו - מי יגור באהלך, מי ישכון בהר קדשך? | תנ""ך - ספר תהלים | הרב אלעזר אהרנסון
שיעור חדש- מוזמנים לצפות 
שאלות, הצעות, בקשות? כתבו לנו",FALSE,"מזמור טו - מי יגור באהלך, מי ישכון בהר קדשך?",FALSE,"*מזמור טו - מי יגור באהלך, מי ישכון בהר קדשך?* תנ""ך - ספר תהלים | הרב אלעזר אהרנסון",FALSE,"מזמור טו - מי יגור באהלך, מי ישכון בהר קדשך?",TRUE,,
02/09/2026 23:02:48,"תנ""ך - ספר תהלים | הרב אלעזר אהרנסון",מזמור טז - איך לנצח את הגהנם?,תהלים פרק טז (א) מִכְתָּ֥ם לְדָוִ֑ד שָֽׁמְרֵ֥נִי אֵ֝֗ל כִּֽי־חָסִ֥יתִי בָֽךְ: (ב) אָמַ֣רְתְּ לַֽ֭יקֹוָק אֲדֹנָ֣י אָ֑תָּה ט֝וֹבָתִ֗י בַּל־עָלֶֽיךָ: (ג) לִ֭קְדוֹשִׁים אֲשֶׁר־בָּאָ֣רֶץ הֵ֑מָּה וְ֝אַדִּירֵ֗י כָּל־חֶפְצִי־בָֽם: (ד) יִרְבּ֥וּ עַצְּבוֹתָם֘ אַחֵ֪ר מָ֫הָ֥רוּ בַּל־אַסִּ֣יךְ נִסְכֵּיהֶ֣ם מִדָּ֑ם וּֽבַל־אֶשָּׂ֥א אֶת־שְׁ֝מוֹתָ֗ם עַל־שְׂפָתָֽי: (ה) יְֽקֹוָ֗ק מְנָת־חֶלְקִ֥י וְכוֹסִ֑י אַ֝תָּ֗ה תּוֹמִ֥יךְ גּוֹרָלִֽי: (ו) חֲבָלִ֣ים נָֽפְלוּ־לִ֭י בַּנְּעִמִ֑ים אַף־נַ֝חֲלָ֗ת שָֽׁפְרָ֥ה עָלָֽי: (ז) אֲבָרֵ֗ךְ אֶת־יְ֭קֹוָק אֲשֶׁ֣ר יְעָצָ֑נִי אַף־לֵ֝יל֗וֹת יִסְּר֥וּנִי כִלְיוֹתָֽי: (ח) שִׁוִּ֬יתִי יְקֹוָ֣ק לְנֶגְדִּ֣י תָמִ֑יד כִּ֥י מִֽ֝ימִינִ֗י בַּל־אֶמּֽוֹט: (ט) לָכֵ֤ן׀ שָׂמַ֣ח לִ֭בִּי וַיָּ֣גֶל כְּבוֹדִ֑י אַף־בְּ֝שָׂרִ֗י יִשְׁכֹּ֥ן לָבֶֽטַח: (י) כִּ֤י׀ לֹא־תַעֲזֹ֣ב נַפְשִׁ֣י לִשְׁא֑וֹל לֹֽא־תִתֵּ֥ן חֲ֝סִידְךָ֗ לִרְא֥וֹת שָֽׁחַת: (יא) תּֽוֹדִיעֵנִי֘ אֹ֤רַח חַ֫יִּ֥ים שֹׂ֣בַע שְׂ֭מָחוֹת אֶת־פָּנֶ֑יךָ נְעִמ֖וֹת בִּימִינְךָ֣ נֶֽצַח: ,,"מזמור טז - איך לנצח את הגהנם? | תנ""ך - ספר תהלים | הרב אלעזר אהרנסון",TRUE,TRUE,"מזמור טז - איך לנצח את הגהנם? | תנ""ך - ספר תהלים | הרב אלעזר אהרנסון
שיעור חדש- מוזמנים לצפות 
שאלות, הצעות, בקשות? כתבו לנו",FALSE,מזמור טז - איך לנצח את הגהנם?,FALSE,"*מזמור טז - איך לנצח את הגהנם?* תנ""ך - ספר תהלים | הרב אלעזר אהרנסון",FALSE,מזמור טז - איך לנצח את הגהנם?,TRUE,,
03/09/2026 11:46:19,דרכי לימוד בגמרא | הרב יהושע ויצמן,קדושת הזמן והמקום,,,קדושת הזמן והמקום | דרכי לימוד בגמרא | הרב יהושע ויצמן,TRUE,TRUE,"קדושת הזמן והמקום | דרכי לימוד בגמרא | הרב יהושע ויצמן
שיעור חדש- מוזמנים לצפות 
שאלות, הצעות, בקשות? כתבו לנו",FALSE,קדושת הזמן והמקום,FALSE,*קדושת הזמן והמקום* דרכי לימוד בגמרא | הרב יהושע ויצמן,FALSE,קדושת הזמן והמקום,TRUE,,
03/09/2026 15:07:24,"תנ""ך - ספר תהלים | הרב אלעזר אהרנסון",מזמור יז - תפילה שבאה מתוך בטחון,תהלים פרק יז (א) תְּפִלָּ֗ה לְדָ֫וִ֥ד שִׁמְעָ֤ה יְקֹוָ֨ק׀ צֶ֗דֶק הַקְשִׁ֥יבָה רִנָּתִ֗י הַאֲזִ֥ינָה תְפִלָּתִ֑י בְּ֝לֹ֗א שִׂפְתֵ֥י מִרְמָֽה: (ב) מִ֭לְּפָנֶיךָ מִשְׁפָּטִ֣י יֵצֵ֑א עֵ֝ינֶ֗יךָ תֶּחֱזֶ֥ינָה מֵישָׁרִֽים: (ג) בָּ֮חַ֤נְתָּ לִבִּ֨י׀ פָּ֮קַ֤דְתָּ לַּ֗יְלָה צְרַפְתַּ֥נִי בַל־תִּמְצָ֑א זַ֝מֹּתִ֗י בַּל־יַעֲבָר־פִּֽי: (ד) לִפְעֻלּ֣וֹת אָ֭דָם בִּדְבַ֣ר שְׂפָתֶ֑יךָ אֲנִ֥י שָׁ֝מַ֗רְתִּי אָרְח֥וֹת פָּרִֽיץ: (ה) תָּמֹ֣ךְ אֲ֭שֻׁרַי בְּמַעְגְּלוֹתֶ֑יךָ בַּל־נָמ֥וֹטּוּ פְעָמָֽי: (ו) אֲנִֽי־קְרָאתִ֣יךָ כִֽי־תַעֲנֵ֣נִי אֵ֑ל הַֽט־אָזְנְךָ֥ לִ֝֗י שְׁמַ֣ע אִמְרָתִֽי: (ז) הַפְלֵ֣ה חֲ֭סָדֶיךָ מוֹשִׁ֣יעַ חוֹסִ֑ים מִ֝מִּתְקוֹמְמִ֗ים בִּֽימִינֶֽךָ: (ח) שָׁ֭מְרֵנִי כְּאִישׁ֣וֹן בַּת־עָ֑יִן בְּצֵ֥ל כְּ֝נָפֶ֗יךָ תַּסְתִּירֵֽנִי: (ט) מִפְּנֵ֣י רְ֭שָׁעִים ז֣וּ שַׁדּ֑וּנִי אֹיְבַ֥י בְּ֝נֶ֗פֶשׁ יַקִּ֥יפוּ עָלָֽי: (י) חֶלְבָּ֥מוֹ סָּגְר֑וּ פִּ֝֗ימוֹ דִּבְּר֥וּ בְגֵאֽוּת: (יא) אַ֭שֻּׁרֵינוּ עַתָּ֣ה סבבוני סְבָב֑וּנוּ עֵינֵיהֶ֥ם יָ֝שִׁ֗יתוּ לִנְט֥וֹת בָּאָֽרֶץ: (יב) דִּמְיֹנ֗וֹ כְּ֭אַרְיֵה יִכְס֣וֹף לִטְר֑וֹף וְ֝כִכְפִ֗יר יֹשֵׁ֥ב בְּמִסְתָּרִֽים: (יג) קוּמָ֤ה יְקֹוָ֗ק קַדְּמָ֣ה פָ֭נָיו הַכְרִיעֵ֑הוּ פַּלְּטָ֥ה נַ֝פְשִׁ֗י מֵרָשָׁ֥ע חַרְבֶּֽךָ: (יד) מִֽמְתִ֥ים יָדְךָ֨׀ יְקֹוָ֡ק מִֽמְתִ֬ים מֵחֶ֗לֶד חֶלְקָ֥ם בַּֽחַיִּים֘ וצפינך וּֽצְפוּנְךָ֘ תְּמַלֵּ֪א בִ֫טְנָ֥ם יִשְׂבְּע֥וּ בָנִ֑ים וְהִנִּ֥יחוּ יִ֝תְרָ֗ם לְעוֹלְלֵיהֶֽם: (טו) אֲנִ֗י בְּ֭צֶדֶק אֶחֱזֶ֣ה פָנֶ֑יךָ אֶשְׂבְּעָ֥ה בְ֝הָקִ֗יץ תְּמוּנָתֶֽךָ: ,,"מזמור יז - תפילה שבאה מתוך בטחון | תנ""ך - ספר תהלים | הרב אלעזר אהרנסון",TRUE,TRUE,"מזמור יז - תפילה שבאה מתוך בטחון | תנ""ך - ספר תהלים | הרב אלעזר אהרנסון
שיעור חדש- מוזמנים לצפות 
שאלות, הצעות, בקשות? כתבו לנו",FALSE,מזמור יז - תפילה שבאה מתוך בטחון,FALSE,"*מזמור יז - תפילה שבאה מתוך בטחון* תנ""ך - ספר תהלים | הרב אלעזר אהרנסון",FALSE,מזמור יז - תפילה שבאה מתוך בטחון,TRUE,,
03/09/2026 17:01:27,מוסר | הרב יהושע ויצמן,ראש השנה שלנו,,,ראש השנה שלנו | מוסר | הרב יהושע ויצמן,TRUE,TRUE,"ראש השנה שלנו | מוסר | הרב יהושע ויצמן
שיעור חדש- מוזמנים לצפות 
שאלות, הצעות, בקשות? כתבו לנו",FALSE,ראש השנה שלנו,TRUE,*ראש השנה שלנו* מוסר | הרב יהושע ויצמן,FALSE,ראש השנה שלנו,TRUE,,
03/09/2026 17:01:56,"נ""ך | הרב מנשה וינר",שופטים - תחילת פרק ב - נחלה ובכייה,,,"שופטים - תחילת פרק ב - נחלה ובכייה | נ""ך | הרב מנשה וינר",TRUE,TRUE,"שופטים - תחילת פרק ב - נחלה ובכייה | נ""ך | הרב מנשה וינר
שיעור חדש- מוזמנים לצפות 
שאלות, הצעות, בקשות? כתבו לנו",FALSE,שופטים - תחילת פרק ב - נחלה ובכייה,FALSE,"*שופטים - תחילת פרק ב - נחלה ובכייה* נ""ך | הרב מנשה וינר",FALSE,שופטים - תחילת פרק ב - נחלה ובכייה,TRUE,,
03/09/2026 17:21:23,שיעור עיון בזוהר - פרשת יתרו | הרב יהושע ויצמן,דף פג עמוד ב #4 - מסטרא דיובלא,"פג ע""ב: ""אמר רבי יהודה מיומא"" - עד פד ע""א: ""ואתעטרו בה""",https://drive.google.com/file/d/1Jd1oE14s25A-a_2o2IbBjf2gargx5Mkb/preview,דף פג עמוד ב #4 - מסטרא דיובלא | שיעור עיון בזוהר - פרשת יתרו | הרב יהושע ויצמן,TRUE,TRUE,"דף פג עמוד ב #4 - מסטרא דיובלא | שיעור עיון בזוהר - פרשת יתרו | הרב יהושע ויצמן
שיעור חדש- מוזמנים לצפות 
שאלות, הצעות, בקשות? כתבו לנו",FALSE,פרשת יתרו - דף פג עמוד ב #4 - מסטרא דיובלא,FALSE,*דף פג עמוד ב #4 - מסטרא דיובלא* שיעור עיון בזוהר - פרשת יתרו | הרב יהושע ויצמן,FALSE,דף פג עמוד ב #4 - מסטרא דיובלא,TRUE,,
03/09/2026 17:21:27,לדוברי צרפתית - שיעורים קצרים לדרך - עבודת המידות בפרשה | הרב בן ציון שטרן,פרשת נצבים וילך,,,פרשת נצבים וילך | לדוברי צרפתית - שיעורים קצרים לדרך - עבודת המידות בפרשה | הרב בן ציון שטרן,FALSE,FALSE,"פרשת נצבים וילך | לדוברי צרפתית - שיעורים קצרים לדרך - עבודת המידות בפרשה | הרב בן ציון שטרן
שיעור חדש- מוזמנים לצפות 
שאלות, הצעות, בקשות? כתבו לנו",FALSE,פרשת נצבים וילך,FALSE,*פרשת נצבים וילך* לדוברי צרפתית - שיעורים קצרים לדרך - עבודת המידות בפרשה | הרב בן ציון שטרן,FALSE,פרשת נצבים וילך,FALSE,,
03/09/2026 17:25:08,עיונים בפרשת השבוע | הרב מנשה וינר,ניצבים וילך - מצוות הקהל,,,ניצבים וילך - מצוות הקהל | עיונים בפרשת השבוע | הרב מנשה וינר,TRUE,TRUE,"ניצבים וילך - מצוות הקהל | עיונים בפרשת השבוע | הרב מנשה וינר
שיעור חדש- מוזמנים לצפות 
שאלות, הצעות, בקשות? כתבו לנו",FALSE,ניצבים וילך - מצוות הקהל,TRUE,*ניצבים וילך - מצוות הקהל* עיונים בפרשת השבוע | הרב מנשה וינר,FALSE,ניצבים וילך - מצוות הקהל,TRUE,,
03/09/2026 17:49:13,העמוד היומי בזוהר - פרשת פקודי | שיעור קצר,דף רס עמוד א,"רס ע""א: ""גו היכלא דא"" - עד רס ע""ב: ""באתוון רשימן""",,דף רס עמוד א | העמוד היומי בזוהר - פרשת פקודי | שיעור קצר,TRUE,FALSE,"דף רס עמוד א | העמוד היומי בזוהר - פרשת פקודי | שיעור קצר
שיעור חדש- מוזמנים לצפות 
שאלות, הצעות, בקשות? כתבו לנו",FALSE,פרשת פקודי - דף רס עמוד א,FALSE,*דף רס עמוד א* העמוד היומי בזוהר - פרשת פקודי | שיעור קצר,FALSE,דף רס עמוד א,FALSE,,
04/09/2026 08:52:31,שיעורים קצרים לדרך - פינת ההלכה | הרב מיכאל אזרד,האם אפשר להתיר נדרים דרך הזום?,,,האם אפשר להתיר נדרים דרך הזום? | שיעורים קצרים לדרך - פינת ההלכה | הרב מיכאל אזרד,TRUE,TRUE,"האם אפשר להתיר נדרים דרך הזום? | שיעורים קצרים לדרך - פינת ההלכה | הרב מיכאל אזרד
שיעור חדש- מוזמנים לצפות 
שאלות, הצעות, בקשות? כתבו לנו",TRUE,האם אפשר להתיר נדרים דרך הזום?,TRUE,*האם אפשר להתיר נדרים דרך הזום?* שיעורים קצרים לדרך - פינת ההלכה | הרב מיכאל אזרד,TRUE,האם אפשר להתיר נדרים דרך הזום?,TRUE,,
04/09/2026 11:32:20,שיעור עיון בזוהר - פרשת יתרו | הרב יהושע ויצמן,דף פד עמוד א #1 - חמישה קולות במתן תורה,"פד ע""א: ""ובגיני כך"" - עד: ""אמר רבי שמעון דא יובלא""",,דף פד עמוד א #1 - חמישה קולות במתן תורה | שיעור עיון בזוהר - פרשת יתרו | הרב יהושע ויצמן,TRUE,FALSE,"דף פד עמוד א #1 - חמישה קולות במתן תורה | שיעור עיון בזוהר - פרשת יתרו | הרב יהושע ויצמן
שיעור חדש- מוזמנים לצפות 
שאלות, הצעות, בקשות? כתבו לנו",FALSE,פרשת יתרו - דף פד עמוד א #1 - חמישה קולות במתן תורה,FALSE,*דף פד עמוד א #1 - חמישה קולות במתן תורה* שיעור עיון בזוהר - פרשת יתרו | הרב יהושע ויצמן,FALSE,דף פד עמוד א #1 - חמישה קולות במתן תורה,FALSE,,
05/09/2026 22:57:44,העמוד היומי בזוהר - פרשת פקודי | שיעור קצר,דף רס עמוד ב,"רס ע""ב: ""וידי אדם"" - עד: ""עלאין קדישין""",,דף רס עמוד ב | העמוד היומי בזוהר - פרשת פקודי | שיעור קצר,TRUE,FALSE,"דף רס עמוד ב | העמוד היומי בזוהר - פרשת פקודי | שיעור קצר
שיעור חדש- מוזמנים לצפות 
שאלות, הצעות, בקשות? כתבו לנו",FALSE,פרשת פקודי - דף רס עמוד ב,FALSE,*דף רס עמוד ב* העמוד היומי בזוהר - פרשת פקודי | שיעור קצר,FALSE,דף רס עמוד ב,FALSE,,